assembly,Name,Completeness,Contamination,Genome_Size
Hybrid (hybridspades),SemiBin_0_10,92.32,0.2,2699269
Hybrid (hybridspades),SemiBin_0_11,91.87,1.79,2608493
Hybrid (hybridspades),SemiBin_0_17,99.91,0.28,2310048
Hybrid (hybridspades),SemiBin_0_18,100.0,0.41,2173739
Hybrid (hybridspades),SemiBin_0_19,100.0,0.53,2223669
Hybrid (hybridspades),SemiBin_0_20,80.79,0.06,2302989
Hybrid (hybridspades),SemiBin_0_22,85.63,4.38,2506010
Hybrid (hybridspades),SemiBin_0_24,100.0,0.24,3688920
Hybrid (hybridspades),SemiBin_0_28,97.74,0.57,2314218
Hybrid (hybridspades),SemiBin_0_32,84.62,0.06,2598658
Hybrid (hybridspades),SemiBin_0_35,92.75,0.24,3129875
Hybrid (hybridspades),SemiBin_0_4,94.33,1.82,4270540
Hybrid (hybridspades),SemiBin_0_42,80.4,0.54,2757190
Hybrid (hybridspades),SemiBin_0_43,78.55,0.55,1805071
Hybrid (hybridspades),SemiBin_0_45,99.95,0.26,2082543
Hybrid (hybridspades),SemiBin_0_46,100.0,0.23,2764266
Hybrid (hybridspades),SemiBin_0_47,97.81,0.2,1773887
Hybrid (hybridspades),SemiBin_0_7,99.79,0.05,2473790
Hybrid (hybridspades),SemiBin_100_20,77.06,5.17,2757431
Hybrid (hybridspades),SemiBin_100_25,83.79,0.99,2095988
Hybrid (hybridspades),SemiBin_100_29,83.26,3.14,2888292
Hybrid (hybridspades),SemiBin_100_3,80.74,3.77,2603786
Hybrid (hybridspades),SemiBin_100_4,84.37,2.45,2810206
Hybrid (hybridspades),SemiBin_102_1,75.96,1.41,1644514
Hybrid (hybridspades),SemiBin_102_8,83.62,5.36,2584314
Hybrid (hybridspades),SemiBin_103_10,93.33,0.85,1742640
Hybrid (hybridspades),SemiBin_103_12,89.41,3.38,2469830
Hybrid (hybridspades),SemiBin_104_15,81.47,2.77,2519561
Hybrid (hybridspades),SemiBin_105_8,73.43,1.77,2385280
Hybrid (hybridspades),SemiBin_107_11,83.9,1.69,2570530
Hybrid (hybridspades),SemiBin_108_12,85.75,5.19,4743566
Hybrid (hybridspades),SemiBin_108_19,75.18,3.01,1701100
Hybrid (hybridspades),SemiBin_109_12,90.73,1.61,1637596
Hybrid (hybridspades),SemiBin_10_11,93.75,0.05,1191138
Hybrid (hybridspades),SemiBin_10_20,97.36,0.76,2891241
Hybrid (hybridspades),SemiBin_10_23,85.84,0.0,1486303
Hybrid (hybridspades),SemiBin_10_29,86.32,0.08,2034978
Hybrid (hybridspades),SemiBin_10_36,98.3,1.04,2540703
Hybrid (hybridspades),SemiBin_10_43,95.74,0.32,1480624
Hybrid (hybridspades),SemiBin_10_6,83.64,0.45,4462404
Hybrid (hybridspades),SemiBin_110_14,87.79,1.56,2446465
Hybrid (hybridspades),SemiBin_111_13,83.7,2.12,2629895
Hybrid (hybridspades),SemiBin_112_22,65.67,0.9,2172122
Hybrid (hybridspades),SemiBin_112_26,85.37,5.5,2745602
Hybrid (hybridspades),SemiBin_112_6,66.29,1.6,1577477
Hybrid (hybridspades),SemiBin_113_18,72.69,0.59,2426544
Hybrid (hybridspades),SemiBin_113_5,77.06,3.08,3601561
Hybrid (hybridspades),SemiBin_114_9,87.8,1.73,2690322
Hybrid (hybridspades),SemiBin_117_21,79.68,5.37,1883645
Hybrid (hybridspades),SemiBin_117_27,84.49,4.17,2267799
Hybrid (hybridspades),SemiBin_119_25,85.18,7.21,2455448
Hybrid (hybridspades),SemiBin_11_2,99.29,0.15,4504932
Hybrid (hybridspades),SemiBin_11_23,83.35,4.17,1066332
Hybrid (hybridspades),SemiBin_11_29,93.12,0.39,2284215
Hybrid (hybridspades),SemiBin_11_35,80.63,1.66,2347849
Hybrid (hybridspades),SemiBin_11_38,99.9,2.05,2789914
Hybrid (hybridspades),SemiBin_11_4,90.28,0.7,2590431
Hybrid (hybridspades),SemiBin_11_6,85.13,0.01,2287728
Hybrid (hybridspades),SemiBin_11_8,82.01,0.08,2282065
Hybrid (hybridspades),SemiBin_120_11,86.35,5.01,1929975
Hybrid (hybridspades),SemiBin_120_6,61.14,3.71,1546490
Hybrid (hybridspades),SemiBin_121_34,79.52,4.28,2346938
Hybrid (hybridspades),SemiBin_123_22,73.01,3.76,1837488
Hybrid (hybridspades),SemiBin_12_12,99.98,0.19,2278617
Hybrid (hybridspades),SemiBin_12_14,93.79,1.55,1304783
Hybrid (hybridspades),SemiBin_12_16,96.38,0.53,2452877
Hybrid (hybridspades),SemiBin_12_17,92.04,0.14,2588027
Hybrid (hybridspades),SemiBin_12_19,99.99,0.18,3045544
Hybrid (hybridspades),SemiBin_12_27,99.89,0.0,2396964
Hybrid (hybridspades),SemiBin_12_30,91.91,0.79,1363226
Hybrid (hybridspades),SemiBin_12_32,71.79,0.35,1558982
Hybrid (hybridspades),SemiBin_12_44,90.3,1.21,3198957
Hybrid (hybridspades),SemiBin_12_49,74.34,0.15,1775217
Hybrid (hybridspades),SemiBin_13,89.49,0.0,2032251
Hybrid (hybridspades),SemiBin_130_22,89.36,0.0,2170372
Hybrid (hybridspades),SemiBin_133_17,76.61,2.01,2775739
Hybrid (hybridspades),SemiBin_13_10,99.84,1.74,3226285
Hybrid (hybridspades),SemiBin_13_16,100.0,1.15,5404642
Hybrid (hybridspades),SemiBin_13_18,95.23,0.48,1142624
Hybrid (hybridspades),SemiBin_13_25,93.38,3.54,1176488
Hybrid (hybridspades),SemiBin_13_30,99.53,1.48,2214392
Hybrid (hybridspades),SemiBin_13_31,84.95,0.1,3092013
Hybrid (hybridspades),SemiBin_13_35,77.77,4.84,2370622
Hybrid (hybridspades),SemiBin_13_45,96.42,3.48,1020807
Hybrid (hybridspades),SemiBin_13_5,83.43,0.35,3027813
Hybrid (hybridspades),SemiBin_14,91.48,0.02,3612035
Hybrid (hybridspades),SemiBin_141_1,89.57,2.73,1586968
Hybrid (hybridspades),SemiBin_141_12,75.28,5.81,1766371
Hybrid (hybridspades),SemiBin_142_25,73.58,3.02,2168912
Hybrid (hybridspades),SemiBin_143_3,78.77,5.22,2262218
Hybrid (hybridspades),SemiBin_143_4,80.85,1.18,2691232
Hybrid (hybridspades),SemiBin_14_19,85.3,1.17,3569525
Hybrid (hybridspades),SemiBin_14_20,85.36,1.99,2679824
Hybrid (hybridspades),SemiBin_14_24,100.0,1.73,1331489
Hybrid (hybridspades),SemiBin_14_26,97.66,0.43,6270026
Hybrid (hybridspades),SemiBin_14_28,81.58,0.18,805444
Hybrid (hybridspades),SemiBin_14_38,86.41,3.94,953047
Hybrid (hybridspades),SemiBin_156_20,79.76,2.37,2545150
Hybrid (hybridspades),SemiBin_15_10,97.8,3.14,3903155
Hybrid (hybridspades),SemiBin_15_12,75.17,0.02,1571112
Hybrid (hybridspades),SemiBin_15_21,96.03,0.0,1472207
Hybrid (hybridspades),SemiBin_15_28,82.45,1.16,2463156
Hybrid (hybridspades),SemiBin_15_29,95.04,2.56,4211823
Hybrid (hybridspades),SemiBin_15_32,94.07,0.68,2877284
Hybrid (hybridspades),SemiBin_15_35,97.68,0.16,2954618
Hybrid (hybridspades),SemiBin_15_36,93.21,0.05,3065972
Hybrid (hybridspades),SemiBin_15_9,82.01,0.41,3223895
Hybrid (hybridspades),SemiBin_163_19,73.4,5.01,2315638
Hybrid (hybridspades),SemiBin_16_7,92.5,0.65,2184374
Hybrid (hybridspades),SemiBin_17_11,100.0,0.48,4252001
Hybrid (hybridspades),SemiBin_17_12,96.79,0.0,3632054
Hybrid (hybridspades),SemiBin_17_19,94.83,0.0,1540729
Hybrid (hybridspades),SemiBin_17_37,98.24,0.35,1821099
Hybrid (hybridspades),SemiBin_17_41,81.46,0.15,2627439
Hybrid (hybridspades),SemiBin_18_20,95.23,0.6,1954878
Hybrid (hybridspades),SemiBin_18_23,83.09,0.13,2269746
Hybrid (hybridspades),SemiBin_191_13,76.92,2.4,2910600
Hybrid (hybridspades),SemiBin_19_16,82.29,2.47,3039792
Hybrid (hybridspades),SemiBin_19_18,99.61,0.79,2734634
Hybrid (hybridspades),SemiBin_19_30,80.67,0.71,1572126
Hybrid (hybridspades),SemiBin_19_43,100.0,1.28,2828760
Hybrid (hybridspades),SemiBin_1_11,99.92,0.28,1787489
Hybrid (hybridspades),SemiBin_1_12,97.99,0.54,2208338
Hybrid (hybridspades),SemiBin_1_13,99.39,1.12,2342624
Hybrid (hybridspades),SemiBin_1_16,99.93,0.02,2286360
Hybrid (hybridspades),SemiBin_1_25,99.76,0.08,1975882
Hybrid (hybridspades),SemiBin_1_26,99.9,0.25,1945421
Hybrid (hybridspades),SemiBin_1_3,96.78,0.0,1939494
Hybrid (hybridspades),SemiBin_1_31,80.39,3.45,2270642
Hybrid (hybridspades),SemiBin_1_35,82.4,0.4,1922216
Hybrid (hybridspades),SemiBin_1_47,98.81,0.17,2224878
Hybrid (hybridspades),SemiBin_1_48,98.47,0.05,1973776
Hybrid (hybridspades),SemiBin_1_49,91.88,0.38,2330191
Hybrid (hybridspades),SemiBin_20_18,86.34,4.46,3000265
Hybrid (hybridspades),SemiBin_20_27,83.62,0.45,2280709
Hybrid (hybridspades),SemiBin_20_37,81.68,1.85,1516971
Hybrid (hybridspades),SemiBin_21_20,93.09,0.97,2826938
Hybrid (hybridspades),SemiBin_21_22,85.54,1.29,2304456
Hybrid (hybridspades),SemiBin_21_3,99.98,1.17,3021444
Hybrid (hybridspades),SemiBin_21_31,92.35,0.61,1909439
Hybrid (hybridspades),SemiBin_22_16,86.46,0.18,2209320
Hybrid (hybridspades),SemiBin_22_18,99.69,7.1,4313927
Hybrid (hybridspades),SemiBin_22_23,90.27,0.27,3479110
Hybrid (hybridspades),SemiBin_23,87.84,0.06,2685285
Hybrid (hybridspades),SemiBin_23_10,95.77,1.24,3737198
Hybrid (hybridspades),SemiBin_23_14,100.0,0.16,2235269
Hybrid (hybridspades),SemiBin_23_16,94.6,0.2,2932814
Hybrid (hybridspades),SemiBin_23_24,96.8,0.02,2121890
Hybrid (hybridspades),SemiBin_23_4,77.67,0.0,2287000
Hybrid (hybridspades),SemiBin_23_42,93.57,1.03,3111104
Hybrid (hybridspades),SemiBin_23_47,81.81,1.76,3221374
Hybrid (hybridspades),SemiBin_23_5,99.43,7.49,3511704
Hybrid (hybridspades),SemiBin_24_2,78.35,0.09,1986835
Hybrid (hybridspades),SemiBin_24_25,99.94,0.9,2994255
Hybrid (hybridspades),SemiBin_24_44,87.14,0.34,3379046
Hybrid (hybridspades),SemiBin_25_27,93.85,0.8,3651047
Hybrid (hybridspades),SemiBin_25_30,93.08,3.65,3499944
Hybrid (hybridspades),SemiBin_25_37,93.68,7.17,4253969
Hybrid (hybridspades),SemiBin_25_38,84.38,3.05,2709266
Hybrid (hybridspades),SemiBin_25_4,97.3,0.8,2376881
Hybrid (hybridspades),SemiBin_26_10,99.99,4.21,2723916
Hybrid (hybridspades),SemiBin_26_11,80.41,1.26,2348431
Hybrid (hybridspades),SemiBin_26_6,99.65,0.08,2976145
Hybrid (hybridspades),SemiBin_27_16,85.61,0.78,2779189
Hybrid (hybridspades),SemiBin_27_23,77.03,0.17,1809424
Hybrid (hybridspades),SemiBin_27_30,91.03,0.71,3604452
Hybrid (hybridspades),SemiBin_27_34,99.45,0.27,1874904
Hybrid (hybridspades),SemiBin_27_35,89.92,4.23,5732746
Hybrid (hybridspades),SemiBin_27_6,89.26,0.06,1784171
Hybrid (hybridspades),SemiBin_28_29,99.79,0.65,1156300
Hybrid (hybridspades),SemiBin_28_31,99.87,2.01,2587352
Hybrid (hybridspades),SemiBin_28_39,98.08,0.0,3468002
Hybrid (hybridspades),SemiBin_29_2,97.37,8.8,4120135
Hybrid (hybridspades),SemiBin_29_39,95.07,0.22,2036313
Hybrid (hybridspades),SemiBin_29_9,84.04,0.73,3395707
Hybrid (hybridspades),SemiBin_2_13,97.94,0.21,2197019
Hybrid (hybridspades),SemiBin_2_15,99.54,0.07,3795293
Hybrid (hybridspades),SemiBin_2_16,96.45,0.0,1539862
Hybrid (hybridspades),SemiBin_2_21,100.0,0.8,2001489
Hybrid (hybridspades),SemiBin_2_24,99.99,0.81,2178050
Hybrid (hybridspades),SemiBin_2_25,98.38,0.91,2106133
Hybrid (hybridspades),SemiBin_2_27,98.11,0.13,2036217
Hybrid (hybridspades),SemiBin_2_28,85.8,7.02,2114128
Hybrid (hybridspades),SemiBin_2_29,99.96,0.24,1764130
Hybrid (hybridspades),SemiBin_2_3,99.99,0.42,2227543
Hybrid (hybridspades),SemiBin_2_31,99.85,0.07,1718986
Hybrid (hybridspades),SemiBin_2_34,89.65,8.21,5602821
Hybrid (hybridspades),SemiBin_2_36,96.02,0.25,1649170
Hybrid (hybridspades),SemiBin_2_48,99.88,0.1,1867985
Hybrid (hybridspades),SemiBin_2_49,99.93,0.08,1961481
Hybrid (hybridspades),SemiBin_30_16,99.26,0.51,1946461
Hybrid (hybridspades),SemiBin_30_25,61.21,0.33,1283479
Hybrid (hybridspades),SemiBin_31_16,96.34,0.93,2518513
Hybrid (hybridspades),SemiBin_31_19,85.66,0.82,2258215
Hybrid (hybridspades),SemiBin_32,75.33,0.02,1996792
Hybrid (hybridspades),SemiBin_32_13,81.17,0.51,3231825
Hybrid (hybridspades),SemiBin_32_14,81.74,0.47,2655676
Hybrid (hybridspades),SemiBin_32_28,83.48,5.45,2581288
Hybrid (hybridspades),SemiBin_32_46,84.97,0.42,5177541
Hybrid (hybridspades),SemiBin_33_13,93.45,0.87,2164598
Hybrid (hybridspades),SemiBin_33_15,96.58,1.72,2349859
Hybrid (hybridspades),SemiBin_33_17,94.24,0.13,1738119
Hybrid (hybridspades),SemiBin_33_19,86.23,1.38,6070724
Hybrid (hybridspades),SemiBin_33_41,85.48,0.82,2729020
Hybrid (hybridspades),SemiBin_33_48,97.98,4.66,2383580
Hybrid (hybridspades),SemiBin_34_42,82.51,0.74,2914198
Hybrid (hybridspades),SemiBin_35_12,83.21,3.6,3087843
Hybrid (hybridspades),SemiBin_35_35,87.6,0.73,2222277
Hybrid (hybridspades),SemiBin_35_48,94.59,0.57,2736156
Hybrid (hybridspades),SemiBin_35_8,91.12,2.48,2510650
Hybrid (hybridspades),SemiBin_36_23,84.51,4.58,2400001
Hybrid (hybridspades),SemiBin_36_34,77.59,0.01,1158121
Hybrid (hybridspades),SemiBin_36_36,97.31,0.0,2701320
Hybrid (hybridspades),SemiBin_37_20,71.94,0.34,2369147
Hybrid (hybridspades),SemiBin_37_22,99.89,1.89,3235988
Hybrid (hybridspades),SemiBin_37_27,99.8,0.69,2978152
Hybrid (hybridspades),SemiBin_37_28,88.25,0.31,1976817
Hybrid (hybridspades),SemiBin_37_35,93.24,1.66,3300420
Hybrid (hybridspades),SemiBin_38_22,82.43,0.64,1450691
Hybrid (hybridspades),SemiBin_38_32,97.87,1.74,2629106
Hybrid (hybridspades),SemiBin_38_35,78.49,1.42,2419306
Hybrid (hybridspades),SemiBin_39_18,85.55,0.0,1891273
Hybrid (hybridspades),SemiBin_39_40,95.18,7.61,2608984
Hybrid (hybridspades),SemiBin_3_20,82.5,1.19,3218548
Hybrid (hybridspades),SemiBin_3_26,91.9,0.2,1880856
Hybrid (hybridspades),SemiBin_3_33,91.92,1.3,1894503
Hybrid (hybridspades),SemiBin_3_36,78.68,0.02,1710667
Hybrid (hybridspades),SemiBin_3_40,76.85,0.43,1768922
Hybrid (hybridspades),SemiBin_3_44,91.73,0.31,1983122
Hybrid (hybridspades),SemiBin_3_45,100.0,0.15,3249853
Hybrid (hybridspades),SemiBin_3_9,99.39,0.98,2618488
Hybrid (hybridspades),SemiBin_40_11,87.67,4.47,1649619
Hybrid (hybridspades),SemiBin_40_16,98.06,0.84,3712815
Hybrid (hybridspades),SemiBin_40_37,77.94,4.94,2126836
Hybrid (hybridspades),SemiBin_40_4,79.9,3.77,1871471
Hybrid (hybridspades),SemiBin_40_45,99.81,2.24,3270919
Hybrid (hybridspades),SemiBin_41_10,84.65,0.83,2712137
Hybrid (hybridspades),SemiBin_41_11,99.58,1.72,2187133
Hybrid (hybridspades),SemiBin_41_18,87.03,0.75,2302569
Hybrid (hybridspades),SemiBin_41_28,99.99,0.53,3397367
Hybrid (hybridspades),SemiBin_41_7,80.25,0.03,2217837
Hybrid (hybridspades),SemiBin_42_10,97.03,2.65,2102386
Hybrid (hybridspades),SemiBin_42_12,95.81,2.59,2070292
Hybrid (hybridspades),SemiBin_42_16,100.0,0.02,2208255
Hybrid (hybridspades),SemiBin_42_20,82.2,1.91,2557315
Hybrid (hybridspades),SemiBin_42_28,74.12,0.73,1641308
Hybrid (hybridspades),SemiBin_42_4,85.49,0.34,1870237
Hybrid (hybridspades),SemiBin_42_7,86.1,0.75,2569308
Hybrid (hybridspades),SemiBin_43_13,75.1,5.51,2387485
Hybrid (hybridspades),SemiBin_43_20,97.69,0.43,2615532
Hybrid (hybridspades),SemiBin_43_22,91.44,0.22,1965305
Hybrid (hybridspades),SemiBin_43_25,80.11,0.51,2726949
Hybrid (hybridspades),SemiBin_43_40,99.53,4.14,3342712
Hybrid (hybridspades),SemiBin_44_29,88.47,6.94,3099084
Hybrid (hybridspades),SemiBin_44_31,93.3,1.28,2724022
Hybrid (hybridspades),SemiBin_45,81.84,0.42,1929719
Hybrid (hybridspades),SemiBin_45_19,83.42,1.25,3516271
Hybrid (hybridspades),SemiBin_45_32,90.67,2.31,2280935
Hybrid (hybridspades),SemiBin_45_33,79.62,0.99,1754783
Hybrid (hybridspades),SemiBin_46_13,97.95,0.75,2003847
Hybrid (hybridspades),SemiBin_46_15,97.36,1.38,2439311
Hybrid (hybridspades),SemiBin_46_5,75.42,1.23,2094354
Hybrid (hybridspades),SemiBin_47,99.95,0.23,3185803
Hybrid (hybridspades),SemiBin_47_12,90.43,0.28,2953652
Hybrid (hybridspades),SemiBin_47_21,99.9,0.04,2446523
Hybrid (hybridspades),SemiBin_47_26,96.14,6.29,3145050
Hybrid (hybridspades),SemiBin_47_28,92.96,0.49,2789528
Hybrid (hybridspades),SemiBin_47_33,97.51,1.79,2460698
Hybrid (hybridspades),SemiBin_47_7,99.96,0.2,1661693
Hybrid (hybridspades),SemiBin_48_25,85.66,1.97,2033513
Hybrid (hybridspades),SemiBin_48_26,95.71,4.69,5965993
Hybrid (hybridspades),SemiBin_48_46,99.99,1.05,2587916
Hybrid (hybridspades),SemiBin_48_9,100.0,0.91,2404371
Hybrid (hybridspades),SemiBin_49_1,85.75,2.58,1902524
Hybrid (hybridspades),SemiBin_49_36,82.9,3.14,2204388
Hybrid (hybridspades),SemiBin_49_42,85.92,1.39,2657269
Hybrid (hybridspades),SemiBin_49_6,87.95,0.61,2481412
Hybrid (hybridspades),SemiBin_4_11,80.26,0.52,4883384
Hybrid (hybridspades),SemiBin_4_24,97.79,0.14,2206582
Hybrid (hybridspades),SemiBin_4_41,88.54,1.42,1687667
Hybrid (hybridspades),SemiBin_4_43,100.0,0.54,2881988
Hybrid (hybridspades),SemiBin_4_5,99.99,0.31,3227704
Hybrid (hybridspades),SemiBin_5,95.47,0.75,3060234
Hybrid (hybridspades),SemiBin_50_32,99.84,0.62,4279926
Hybrid (hybridspades),SemiBin_50_36,97.5,0.1,2568068
Hybrid (hybridspades),SemiBin_50_43,99.98,0.84,3199275
Hybrid (hybridspades),SemiBin_51_23,77.99,3.95,1630360
Hybrid (hybridspades),SemiBin_51_32,95.17,7.71,3107697
Hybrid (hybridspades),SemiBin_52_13,73.31,5.44,2675236
Hybrid (hybridspades),SemiBin_52_18,82.99,0.04,1779637
Hybrid (hybridspades),SemiBin_52_4,90.91,5.47,2553546
Hybrid (hybridspades),SemiBin_53_13,91.26,0.13,2631760
Hybrid (hybridspades),SemiBin_53_20,88.66,0.63,3307704
Hybrid (hybridspades),SemiBin_53_22,88.66,2.47,2656644
Hybrid (hybridspades),SemiBin_53_41,81.48,4.87,5431778
Hybrid (hybridspades),SemiBin_54_1,98.92,3.92,2431765
Hybrid (hybridspades),SemiBin_54_29,83.62,0.34,1525349
Hybrid (hybridspades),SemiBin_54_3,83.98,0.21,3280843
Hybrid (hybridspades),SemiBin_54_32,99.74,0.62,3343719
Hybrid (hybridspades),SemiBin_54_35,92.59,3.4,1666098
Hybrid (hybridspades),SemiBin_54_6,89.68,7.26,4551528
Hybrid (hybridspades),SemiBin_55_4,77.62,0.09,2475212
Hybrid (hybridspades),SemiBin_55_41,89.72,0.11,2181602
Hybrid (hybridspades),SemiBin_56_1,96.63,0.87,2033570
Hybrid (hybridspades),SemiBin_56_10,92.01,0.21,2530323
Hybrid (hybridspades),SemiBin_56_24,91.62,1.04,2302695
Hybrid (hybridspades),SemiBin_57_2,86.07,0.91,1891881
Hybrid (hybridspades),SemiBin_57_3,95.63,0.06,5130674
Hybrid (hybridspades),SemiBin_57_4,87.19,0.06,2465082
Hybrid (hybridspades),SemiBin_57_9,85.76,5.53,2873049
Hybrid (hybridspades),SemiBin_58_27,73.33,0.14,1227023
Hybrid (hybridspades),SemiBin_59_39,99.85,2.9,2738053
Hybrid (hybridspades),SemiBin_59_42,99.17,0.09,4219398
Hybrid (hybridspades),SemiBin_5_1,99.73,0.92,2363834
Hybrid (hybridspades),SemiBin_5_18,96.18,0.05,3255475
Hybrid (hybridspades),SemiBin_5_2,91.53,9.34,2069167
Hybrid (hybridspades),SemiBin_5_26,97.92,1.01,2317861
Hybrid (hybridspades),SemiBin_5_32,96.73,0.64,1541027
Hybrid (hybridspades),SemiBin_5_38,97.91,0.39,1448199
Hybrid (hybridspades),SemiBin_5_43,99.87,0.09,2171426
Hybrid (hybridspades),SemiBin_60_23,100.0,0.23,2092199
Hybrid (hybridspades),SemiBin_60_29,82.05,7.08,2972139
Hybrid (hybridspades),SemiBin_61_2,86.54,6.32,2916123
Hybrid (hybridspades),SemiBin_61_25,99.97,1.64,2884247
Hybrid (hybridspades),SemiBin_61_30,97.24,1.51,1899306
Hybrid (hybridspades),SemiBin_61_7,91.2,0.04,2012890
Hybrid (hybridspades),SemiBin_62_16,93.77,1.22,3233249
Hybrid (hybridspades),SemiBin_62_21,83.92,0.76,2198470
Hybrid (hybridspades),SemiBin_62_29,84.34,0.01,1918614
Hybrid (hybridspades),SemiBin_62_34,86.73,5.61,3119531
Hybrid (hybridspades),SemiBin_62_4,99.93,4.04,3124796
Hybrid (hybridspades),SemiBin_62_42,76.84,6.81,2215119
Hybrid (hybridspades),SemiBin_63_28,75.25,0.82,2062735
Hybrid (hybridspades),SemiBin_63_3,75.92,1.52,1953162
Hybrid (hybridspades),SemiBin_63_43,83.22,2.97,2575135
Hybrid (hybridspades),SemiBin_64_25,83.34,1.2,2005662
Hybrid (hybridspades),SemiBin_64_27,94.7,0.98,4922806
Hybrid (hybridspades),SemiBin_64_31,86.72,0.0,2143412
Hybrid (hybridspades),SemiBin_65_11,86.56,2.37,2900098
Hybrid (hybridspades),SemiBin_65_36,83.18,4.7,4815508
Hybrid (hybridspades),SemiBin_65_7,97.45,3.16,1727378
Hybrid (hybridspades),SemiBin_66_13,82.27,1.33,2165173
Hybrid (hybridspades),SemiBin_66_8,77.35,0.31,2485797
Hybrid (hybridspades),SemiBin_67_18,85.91,5.25,2664907
Hybrid (hybridspades),SemiBin_68_10,78.42,2.81,3083408
Hybrid (hybridspades),SemiBin_68_33,85.08,5.56,2140367
Hybrid (hybridspades),SemiBin_68_34,86.71,0.0,2468424
Hybrid (hybridspades),SemiBin_69_16,88.27,2.44,2897699
Hybrid (hybridspades),SemiBin_69_21,92.68,0.64,2588228
Hybrid (hybridspades),SemiBin_69_29,74.24,3.77,2119846
Hybrid (hybridspades),SemiBin_69_4,94.86,1.55,2955128
Hybrid (hybridspades),SemiBin_69_43,72.09,3.12,1969778
Hybrid (hybridspades),SemiBin_6_14,97.95,0.29,1625881
Hybrid (hybridspades),SemiBin_6_18,87.16,0.24,2564010
Hybrid (hybridspades),SemiBin_6_2,85.01,0.0,3180199
Hybrid (hybridspades),SemiBin_6_31,87.25,5.68,3307788
Hybrid (hybridspades),SemiBin_6_35,99.94,0.34,2070403
Hybrid (hybridspades),SemiBin_6_37,99.76,0.32,2703937
Hybrid (hybridspades),SemiBin_6_38,99.9,0.08,2424579
Hybrid (hybridspades),SemiBin_6_44,71.52,0.83,2875720
Hybrid (hybridspades),SemiBin_6_8,83.0,4.85,2182349
Hybrid (hybridspades),SemiBin_70_3,94.25,4.86,2378598
Hybrid (hybridspades),SemiBin_70_37,100.0,0.98,2386624
Hybrid (hybridspades),SemiBin_70_38,96.59,2.04,1792463
Hybrid (hybridspades),SemiBin_71,90.1,0.67,1518524
Hybrid (hybridspades),SemiBin_72_15,90.15,0.85,2174932
Hybrid (hybridspades),SemiBin_72_36,85.26,0.0,1964019
Hybrid (hybridspades),SemiBin_73_1,84.28,1.53,2174110
Hybrid (hybridspades),SemiBin_73_4,99.55,0.07,2772802
Hybrid (hybridspades),SemiBin_74_30,90.31,0.01,2496285
Hybrid (hybridspades),SemiBin_74_33,85.46,0.67,2335960
Hybrid (hybridspades),SemiBin_74_5,83.06,2.87,2452456
Hybrid (hybridspades),SemiBin_75_25,89.32,1.8,2506372
Hybrid (hybridspades),SemiBin_76_8,93.03,2.29,2350131
Hybrid (hybridspades),SemiBin_77_13,80.13,0.49,1780981
Hybrid (hybridspades),SemiBin_77_14,99.09,0.22,1981212
Hybrid (hybridspades),SemiBin_78_29,91.95,0.02,2699374
Hybrid (hybridspades),SemiBin_79_2,67.84,1.18,1794942
Hybrid (hybridspades),SemiBin_7_17,83.37,0.31,1183387
Hybrid (hybridspades),SemiBin_7_18,94.51,0.11,1930793
Hybrid (hybridspades),SemiBin_7_19,91.35,1.15,1194794
Hybrid (hybridspades),SemiBin_7_25,98.74,0.21,1307786
Hybrid (hybridspades),SemiBin_7_38,100.0,0.05,3109363
Hybrid (hybridspades),SemiBin_7_40,96.15,0.29,1593480
Hybrid (hybridspades),SemiBin_7_44,82.52,0.24,1558009
Hybrid (hybridspades),SemiBin_7_48,91.58,0.42,3127445
Hybrid (hybridspades),SemiBin_7_49,100.0,0.52,1756243
Hybrid (hybridspades),SemiBin_80,92.03,0.51,2739498
Hybrid (hybridspades),SemiBin_80_10,96.48,2.39,2195496
Hybrid (hybridspades),SemiBin_81_10,94.37,9.35,2869634
Hybrid (hybridspades),SemiBin_82,84.79,0.02,2538720
Hybrid (hybridspades),SemiBin_82_10,89.52,1.07,4454609
Hybrid (hybridspades),SemiBin_82_12,93.85,1.0,1789630
Hybrid (hybridspades),SemiBin_82_31,71.42,0.31,1591599
Hybrid (hybridspades),SemiBin_82_6,84.67,1.25,1866036
Hybrid (hybridspades),SemiBin_84_8,92.03,1.85,2437274
Hybrid (hybridspades),SemiBin_85_13,87.58,3.46,2668490
Hybrid (hybridspades),SemiBin_85_21,68.84,1.63,1270369
Hybrid (hybridspades),SemiBin_85_25,83.89,1.74,3011603
Hybrid (hybridspades),SemiBin_85_28,92.05,3.44,2091636
Hybrid (hybridspades),SemiBin_86_32,77.51,2.69,2275334
Hybrid (hybridspades),SemiBin_87_15,82.66,2.62,1687279
Hybrid (hybridspades),SemiBin_87_24,86.99,0.51,2513690
Hybrid (hybridspades),SemiBin_88_9,84.21,3.74,2271193
Hybrid (hybridspades),SemiBin_89_11,84.06,1.05,2191041
Hybrid (hybridspades),SemiBin_89_16,83.2,5.83,2317919
Hybrid (hybridspades),SemiBin_89_24,78.19,4.68,2316838
Hybrid (hybridspades),SemiBin_8_18,87.46,0.32,1270784
Hybrid (hybridspades),SemiBin_8_30,100.0,0.12,2790133
Hybrid (hybridspades),SemiBin_8_33,87.2,0.35,2562430
Hybrid (hybridspades),SemiBin_8_41,94.03,0.11,2023816
Hybrid (hybridspades),SemiBin_8_49,100.0,0.16,2268760
Hybrid (hybridspades),SemiBin_90_13,78.52,1.9,2482941
Hybrid (hybridspades),SemiBin_90_15,82.46,0.98,4207428
Hybrid (hybridspades),SemiBin_90_19,91.56,4.04,1891204
Hybrid (hybridspades),SemiBin_90_28,77.48,2.5,2103296
Hybrid (hybridspades),SemiBin_90_5,86.67,3.86,3613074
Hybrid (hybridspades),SemiBin_91_12,68.68,2.94,2016027
Hybrid (hybridspades),SemiBin_91_17,88.99,4.43,2126913
Hybrid (hybridspades),SemiBin_91_21,91.59,4.47,2107361
Hybrid (hybridspades),SemiBin_91_29,93.27,0.21,2651334
Hybrid (hybridspades),SemiBin_91_30,94.85,2.83,1975103
Hybrid (hybridspades),SemiBin_93_15,64.74,1.97,1316447
Hybrid (hybridspades),SemiBin_93_3,88.18,6.49,2283184
Hybrid (hybridspades),SemiBin_93_34,75.95,8.19,2309646
Hybrid (hybridspades),SemiBin_93_9,78.37,3.27,1844787
Hybrid (hybridspades),SemiBin_94_2,87.86,3.0,2333263
Hybrid (hybridspades),SemiBin_94_23,86.18,1.84,3740465
Hybrid (hybridspades),SemiBin_94_27,87.16,3.5,1944740
Hybrid (hybridspades),SemiBin_94_6,87.82,3.54,1896202
Hybrid (hybridspades),SemiBin_95_10,93.57,2.74,1754661
Hybrid (hybridspades),SemiBin_95_12,88.22,2.09,2725397
Hybrid (hybridspades),SemiBin_95_6,90.52,1.08,2426427
Hybrid (hybridspades),SemiBin_96_17,82.89,4.57,2461980
Hybrid (hybridspades),SemiBin_96_8,64.41,0.93,1496492
Hybrid (hybridspades),SemiBin_97_4,99.62,1.93,2626712
Hybrid (hybridspades),SemiBin_97_8,61.11,8.12,2626424
Hybrid (hybridspades),SemiBin_98_12,69.01,5.37,2630375
Hybrid (hybridspades),SemiBin_98_20,80.71,0.11,2078554
Hybrid (hybridspades),SemiBin_98_27,87.83,3.31,2044869
Hybrid (hybridspades),SemiBin_99_16,77.25,1.42,1859254
Hybrid (hybridspades),SemiBin_99_20,79.53,2.92,2499493
Hybrid (hybridspades),SemiBin_9_1,87.35,0.01,2172188
Hybrid (hybridspades),SemiBin_9_12,84.6,0.61,2495938
Hybrid (hybridspades),SemiBin_9_13,99.98,0.15,2525037
Hybrid (hybridspades),SemiBin_9_23,81.04,0.36,2519484
Hybrid (hybridspades),SemiBin_9_32,99.23,0.42,1995728
Hybrid (hybridspades),SemiBin_9_40,91.34,0.36,3338663
LR (metaflye),SemiBin_0_1,100.0,0.31,5294859
LR (metaflye),SemiBin_0_11,99.97,0.06,2412138
LR (metaflye),SemiBin_0_12,99.3,0.15,1915563
LR (metaflye),SemiBin_0_13,99.98,0.0,2527142
LR (metaflye),SemiBin_0_15,99.35,1.85,3780097
LR (metaflye),SemiBin_0_16,99.14,1.4,2234864
LR (metaflye),SemiBin_0_18,86.8,1.47,2962917
LR (metaflye),SemiBin_0_19,99.71,0.97,3197376
LR (metaflye),SemiBin_0_26,99.87,1.33,1956277
LR (metaflye),SemiBin_0_29,100.0,0.13,2787865
LR (metaflye),SemiBin_0_31,99.99,2.29,2195771
LR (metaflye),SemiBin_0_32,97.63,7.92,1951122
LR (metaflye),SemiBin_0_33,95.73,0.93,2629040
LR (metaflye),SemiBin_0_34,99.84,0.0,3738620
LR (metaflye),SemiBin_0_35,86.94,0.24,1636669
LR (metaflye),SemiBin_0_37,99.46,1.47,2417539
LR (metaflye),SemiBin_0_41,94.33,0.35,2044907
LR (metaflye),SemiBin_0_43,99.86,7.62,1799045
LR (metaflye),SemiBin_0_45,98.23,0.33,2629884
LR (metaflye),SemiBin_0_46,99.98,1.08,3035911
LR (metaflye),SemiBin_0_49,98.11,0.25,2109786
LR (metaflye),SemiBin_0_7,99.98,0.19,2272246
LR (metaflye),SemiBin_0_8,99.71,0.12,1904790
LR (metaflye),SemiBin_1,99.7,0.26,2003729
LR (metaflye),SemiBin_104_5,72.12,7.28,1126693
LR (metaflye),SemiBin_10_14,80.28,0.42,2754562
LR (metaflye),SemiBin_10_16,79.69,0.15,2374758
LR (metaflye),SemiBin_10_21,78.38,0.24,2349440
LR (metaflye),SemiBin_10_28,93.49,1.03,3842723
LR (metaflye),SemiBin_10_30,86.14,2.73,2093838
LR (metaflye),SemiBin_10_33,95.81,3.55,2814928
LR (metaflye),SemiBin_10_35,81.07,3.58,1798962
LR (metaflye),SemiBin_10_37,78.26,4.32,3035427
LR (metaflye),SemiBin_10_45,85.08,1.35,2562217
LR (metaflye),SemiBin_10_47,84.58,0.0,2272650
LR (metaflye),SemiBin_10_8,96.65,0.83,2463359
LR (metaflye),SemiBin_11_35,85.13,3.34,1636214
LR (metaflye),SemiBin_11_38,86.63,8.0,1252578
LR (metaflye),SemiBin_11_40,93.19,6.68,2341759
LR (metaflye),SemiBin_11_45,66.72,4.8,1429985
LR (metaflye),SemiBin_11_49,78.65,1.07,2915316
LR (metaflye),SemiBin_11_6,84.45,0.02,1741057
LR (metaflye),SemiBin_11_8,73.84,4.99,1922918
LR (metaflye),SemiBin_12_1,72.88,4.2,1998625
LR (metaflye),SemiBin_12_12,91.86,0.17,1863205
LR (metaflye),SemiBin_12_26,76.01,0.1,3134897
LR (metaflye),SemiBin_12_28,78.02,1.33,2402398
LR (metaflye),SemiBin_12_37,84.65,5.8,2530901
LR (metaflye),SemiBin_12_40,80.88,2.54,2281651
LR (metaflye),SemiBin_12_44,64.35,3.91,2664450
LR (metaflye),SemiBin_13_15,64.63,7.69,2720752
LR (metaflye),SemiBin_13_18,79.22,0.31,2768248
LR (metaflye),SemiBin_13_26,82.27,0.96,2200525
LR (metaflye),SemiBin_13_29,74.66,0.35,1614072
LR (metaflye),SemiBin_13_37,87.34,1.22,2615041
LR (metaflye),SemiBin_13_4,91.22,2.47,2014154
LR (metaflye),SemiBin_13_40,86.08,0.33,3060832
LR (metaflye),SemiBin_13_44,72.51,1.62,1783321
LR (metaflye),SemiBin_13_9,67.17,4.5,1225821
LR (metaflye),SemiBin_15_18,76.83,6.64,2440902
LR (metaflye),SemiBin_15_21,94.77,0.64,2268402
LR (metaflye),SemiBin_15_24,95.32,0.63,2352234
LR (metaflye),SemiBin_16_15,72.28,0.06,2628407
LR (metaflye),SemiBin_16_17,78.73,2.45,2293684
LR (metaflye),SemiBin_16_28,80.67,0.21,2338463
LR (metaflye),SemiBin_16_32,88.8,3.41,3218942
LR (metaflye),SemiBin_16_41,76.69,0.17,2265838
LR (metaflye),SemiBin_16_45,79.43,3.25,4811389
LR (metaflye),SemiBin_16_47,84.33,0.94,1713868
LR (metaflye),SemiBin_17_25,86.68,5.31,2100964
LR (metaflye),SemiBin_17_41,76.9,9.11,1478534
LR (metaflye),SemiBin_17_9,70.79,2.86,2043924
LR (metaflye),SemiBin_18_40,66.49,1.54,1819162
LR (metaflye),SemiBin_19_10,77.98,3.1,2835772
LR (metaflye),SemiBin_19_17,83.93,8.76,2172931
LR (metaflye),SemiBin_19_27,92.45,7.93,1863123
LR (metaflye),SemiBin_19_47,78.21,0.46,1834025
LR (metaflye),SemiBin_1_10,94.58,3.12,3089109
LR (metaflye),SemiBin_1_14,99.99,0.1,3368040
LR (metaflye),SemiBin_1_15,100.0,1.01,2943214
LR (metaflye),SemiBin_1_16,98.29,2.64,2212143
LR (metaflye),SemiBin_1_17,99.95,0.19,2154418
LR (metaflye),SemiBin_1_21,100.0,0.71,1570478
LR (metaflye),SemiBin_1_23,99.9,0.13,2646447
LR (metaflye),SemiBin_1_24,99.83,0.63,4422909
LR (metaflye),SemiBin_1_25,98.15,0.93,2828715
LR (metaflye),SemiBin_1_26,99.89,0.3,2312633
LR (metaflye),SemiBin_1_31,99.12,0.82,2728849
LR (metaflye),SemiBin_1_33,93.1,1.27,3495397
LR (metaflye),SemiBin_1_36,99.77,4.16,2306803
LR (metaflye),SemiBin_1_37,100.0,0.41,2172952
LR (metaflye),SemiBin_1_4,97.42,1.05,1828596
LR (metaflye),SemiBin_1_42,99.19,0.62,1943149
LR (metaflye),SemiBin_1_5,91.33,0.36,2541524
LR (metaflye),SemiBin_1_7,97.85,1.29,2200690
LR (metaflye),SemiBin_2,99.99,3.79,2448604
LR (metaflye),SemiBin_20_1,70.43,0.28,1681189
LR (metaflye),SemiBin_20_13,79.44,3.13,2952983
LR (metaflye),SemiBin_20_23,92.04,2.94,3170185
LR (metaflye),SemiBin_20_6,76.4,3.72,1612777
LR (metaflye),SemiBin_21_31,80.62,1.83,2066550
LR (metaflye),SemiBin_22_21,74.86,0.74,1581021
LR (metaflye),SemiBin_22_5,71.05,0.02,1616441
LR (metaflye),SemiBin_23_44,78.73,1.33,2191262
LR (metaflye),SemiBin_26_47,99.74,0.06,1736682
LR (metaflye),SemiBin_2_10,99.94,0.81,3031887
LR (metaflye),SemiBin_2_14,99.98,3.81,4581127
LR (metaflye),SemiBin_2_16,97.11,1.26,1630751
LR (metaflye),SemiBin_2_19,85.02,6.85,2170160
LR (metaflye),SemiBin_2_20,99.93,0.97,1779306
LR (metaflye),SemiBin_2_21,100.0,0.86,1895229
LR (metaflye),SemiBin_2_24,95.78,7.47,2094323
LR (metaflye),SemiBin_2_26,96.26,0.08,2623708
LR (metaflye),SemiBin_2_29,97.91,0.55,2059735
LR (metaflye),SemiBin_2_36,100.0,0.23,2771771
LR (metaflye),SemiBin_2_37,99.99,9.31,6286348
LR (metaflye),SemiBin_2_42,96.75,1.15,2745834
LR (metaflye),SemiBin_2_43,99.9,0.25,3213049
LR (metaflye),SemiBin_2_45,99.99,3.61,3460507
LR (metaflye),SemiBin_2_47,99.99,1.02,3113700
LR (metaflye),SemiBin_2_49,99.78,0.05,2919861
LR (metaflye),SemiBin_3,90.49,0.33,2818638
LR (metaflye),SemiBin_36_48,99.69,0.21,1902666
LR (metaflye),SemiBin_37_48,99.82,0.18,1667615
LR (metaflye),SemiBin_39_41,99.96,0.2,1666798
LR (metaflye),SemiBin_3_1,91.15,6.84,2228479
LR (metaflye),SemiBin_3_12,100.0,6.65,2131462
LR (metaflye),SemiBin_3_14,97.2,9.24,1801672
LR (metaflye),SemiBin_3_15,99.91,0.03,2362634
LR (metaflye),SemiBin_3_16,94.3,1.86,1891720
LR (metaflye),SemiBin_3_19,96.81,0.55,3287560
LR (metaflye),SemiBin_3_21,86.87,0.48,2241177
LR (metaflye),SemiBin_3_24,89.77,2.42,3218303
LR (metaflye),SemiBin_3_33,93.26,1.76,1462882
LR (metaflye),SemiBin_3_34,98.25,1.39,2005731
LR (metaflye),SemiBin_3_4,92.11,0.57,2914941
LR (metaflye),SemiBin_3_44,96.0,0.28,3249197
LR (metaflye),SemiBin_3_45,99.84,0.19,1946107
LR (metaflye),SemiBin_3_47,80.66,0.84,2433683
LR (metaflye),SemiBin_4_12,96.84,1.81,3170527
LR (metaflye),SemiBin_4_15,83.37,1.16,2898097
LR (metaflye),SemiBin_4_2,79.42,1.89,2445494
LR (metaflye),SemiBin_4_22,99.54,2.36,1878928
LR (metaflye),SemiBin_4_30,86.76,0.21,2455560
LR (metaflye),SemiBin_4_32,80.34,0.09,2220641
LR (metaflye),SemiBin_4_33,95.04,4.05,2260406
LR (metaflye),SemiBin_4_35,83.34,2.29,2105711
LR (metaflye),SemiBin_4_44,98.84,2.8,2009247
LR (metaflye),SemiBin_4_46,78.94,0.68,2800972
LR (metaflye),SemiBin_4_48,99.98,0.04,2976806
LR (metaflye),SemiBin_4_49,99.93,0.62,2027062
LR (metaflye),SemiBin_4_5,93.86,1.93,2000415
LR (metaflye),SemiBin_4_7,99.87,2.78,2484124
LR (metaflye),SemiBin_4_9,96.39,5.05,3529259
LR (metaflye),SemiBin_5_10,96.6,9.48,2969309
LR (metaflye),SemiBin_5_15,94.49,1.45,2288687
LR (metaflye),SemiBin_5_16,84.4,0.79,3140862
LR (metaflye),SemiBin_5_23,82.08,0.87,2708860
LR (metaflye),SemiBin_5_24,71.95,1.18,1822052
LR (metaflye),SemiBin_5_26,90.19,0.0,1064789
LR (metaflye),SemiBin_5_28,85.46,3.95,2781187
LR (metaflye),SemiBin_5_3,82.35,0.75,1739084
LR (metaflye),SemiBin_5_4,96.38,9.71,3045765
LR (metaflye),SemiBin_5_47,85.29,8.9,3123637
LR (metaflye),SemiBin_5_49,86.24,2.13,2389448
LR (metaflye),SemiBin_6,92.01,7.39,1367690
LR (metaflye),SemiBin_6_1,87.15,0.05,1047182
LR (metaflye),SemiBin_6_13,77.61,1.9,2580130
LR (metaflye),SemiBin_6_14,83.63,4.82,2452610
LR (metaflye),SemiBin_6_15,90.69,0.15,1627773
LR (metaflye),SemiBin_6_16,97.05,0.02,2291054
LR (metaflye),SemiBin_6_19,80.11,3.48,1824456
LR (metaflye),SemiBin_6_20,95.16,6.14,2046977
LR (metaflye),SemiBin_6_24,89.57,0.31,2298073
LR (metaflye),SemiBin_6_26,82.47,1.87,2524960
LR (metaflye),SemiBin_6_31,92.28,8.23,3714468
LR (metaflye),SemiBin_6_32,76.25,0.5,2608514
LR (metaflye),SemiBin_6_37,90.05,7.24,2212688
LR (metaflye),SemiBin_6_38,96.2,1.14,1855097
LR (metaflye),SemiBin_6_39,93.4,4.93,2136028
LR (metaflye),SemiBin_6_4,85.27,5.84,2160281
LR (metaflye),SemiBin_6_40,93.9,2.84,1971617
LR (metaflye),SemiBin_6_42,96.39,6.26,2291778
LR (metaflye),SemiBin_6_43,89.19,2.82,2628827
LR (metaflye),SemiBin_6_6,93.9,3.76,2196747
LR (metaflye),SemiBin_6_9,94.67,0.36,2010141
LR (metaflye),SemiBin_7_10,76.07,1.73,2097714
LR (metaflye),SemiBin_7_19,77.24,8.05,1702527
LR (metaflye),SemiBin_7_23,82.65,0.07,2676039
LR (metaflye),SemiBin_7_24,82.23,3.03,2373560
LR (metaflye),SemiBin_7_35,91.18,0.62,2908532
LR (metaflye),SemiBin_7_38,87.83,0.34,1842178
LR (metaflye),SemiBin_7_39,77.19,0.05,2648512
LR (metaflye),SemiBin_7_41,78.64,5.14,2356840
LR (metaflye),SemiBin_7_45,99.97,0.2,3100288
LR (metaflye),SemiBin_7_46,86.15,0.02,2415092
LR (metaflye),SemiBin_7_49,74.68,0.12,2499892
LR (metaflye),SemiBin_7_5,81.87,5.36,2590012
LR (metaflye),SemiBin_8_10,93.77,3.74,1313010
LR (metaflye),SemiBin_8_15,89.11,2.37,1734926
LR (metaflye),SemiBin_8_33,88.62,2.52,2350448
LR (metaflye),SemiBin_8_37,79.72,0.06,3148687
LR (metaflye),SemiBin_8_38,88.66,1.28,2540722
LR (metaflye),SemiBin_8_42,84.99,0.82,2885751
LR (metaflye),SemiBin_9_13,85.36,0.78,1030679
LR (metaflye),SemiBin_9_14,86.24,0.39,1459184
LR (metaflye),SemiBin_9_24,87.46,6.48,3367546
LR (metaflye),SemiBin_9_28,75.63,9.23,4332463
LR (metaflye),SemiBin_9_4,96.51,1.02,2548570
LR (metaflye),SemiBin_9_48,94.71,1.33,1981894
SR (megahit),SemiBin_0_11,80.43,1.35,2220645
SR (megahit),SemiBin_0_5,71.71,2.27,1615137
SR (megahit),SemiBin_100_17,90.67,0.56,2562219
SR (megahit),SemiBin_100_22,93.31,0.0,2905022
SR (megahit),SemiBin_100_3,96.82,0.0,2298098
SR (megahit),SemiBin_100_5,78.59,0.23,1546478
SR (megahit),SemiBin_101_15,99.74,0.07,1990520
SR (megahit),SemiBin_101_22,91.66,0.37,2276476
SR (megahit),SemiBin_101_7,85.23,0.07,2043068
SR (megahit),SemiBin_101_8,94.83,1.54,4779517
SR (megahit),SemiBin_102,85.71,3.72,2688947
SR (megahit),SemiBin_102_2,97.36,0.64,2151017
SR (megahit),SemiBin_102_28,98.38,0.09,2062742
SR (megahit),SemiBin_103_1,99.89,1.47,3191861
SR (megahit),SemiBin_103_17,93.89,2.51,3814392
SR (megahit),SemiBin_103_7,95.59,8.74,4330787
SR (megahit),SemiBin_104_18,99.96,0.65,2529834
SR (megahit),SemiBin_104_22,88.62,0.58,1698779
SR (megahit),SemiBin_104_30,97.68,0.17,1993880
SR (megahit),SemiBin_104_8,100.0,0.22,1999902
SR (megahit),SemiBin_104_9,83.4,3.12,1864095
SR (megahit),SemiBin_105_1,88.32,3.53,2556437
SR (megahit),SemiBin_105_2,97.38,1.45,1800881
SR (megahit),SemiBin_105_21,98.02,0.21,2927158
SR (megahit),SemiBin_105_24,97.61,0.42,2074345
SR (megahit),SemiBin_107_19,76.26,0.99,1187936
SR (megahit),SemiBin_107_20,99.65,1.27,3258906
SR (megahit),SemiBin_107_23,88.63,5.18,2858424
SR (megahit),SemiBin_107_5,89.57,2.35,3404270
SR (megahit),SemiBin_108_17,99.67,4.83,4275281
SR (megahit),SemiBin_108_18,99.98,0.34,2527511
SR (megahit),SemiBin_108_24,99.96,0.2,3415047
SR (megahit),SemiBin_108_6,97.91,0.0,2476052
SR (megahit),SemiBin_109_12,93.75,0.08,1281500
SR (megahit),SemiBin_109_17,80.86,0.8,1977546
SR (megahit),SemiBin_109_22,98.8,0.04,1444519
SR (megahit),SemiBin_109_6,98.08,0.16,1896232
SR (megahit),SemiBin_109_8,91.99,0.97,1542494
SR (megahit),SemiBin_10_13,75.47,4.81,2607062
SR (megahit),SemiBin_110_16,99.83,0.19,2618137
SR (megahit),SemiBin_110_20,99.03,0.0,2098865
SR (megahit),SemiBin_110_4,96.06,0.0,2932457
SR (megahit),SemiBin_111,74.27,3.05,2213819
SR (megahit),SemiBin_111_13,99.67,1.07,2933149
SR (megahit),SemiBin_111_17,99.99,0.79,2332158
SR (megahit),SemiBin_111_18,99.88,0.53,3097119
SR (megahit),SemiBin_111_22,90.31,4.11,2775675
SR (megahit),SemiBin_111_26,99.12,0.3,3130646
SR (megahit),SemiBin_111_9,84.75,0.22,2603545
SR (megahit),SemiBin_112_15,88.94,1.73,2563802
SR (megahit),SemiBin_112_18,99.48,0.16,2624180
SR (megahit),SemiBin_112_20,74.98,0.56,1550317
SR (megahit),SemiBin_112_3,78.77,0.7,2213207
SR (megahit),SemiBin_113_1,95.18,0.72,2263553
SR (megahit),SemiBin_113_12,92.55,2.97,1864949
SR (megahit),SemiBin_113_14,97.92,0.0,2172990
SR (megahit),SemiBin_114_17,94.2,0.15,3582944
SR (megahit),SemiBin_114_23,95.36,1.56,3200609
SR (megahit),SemiBin_114_9,84.91,0.87,2824168
SR (megahit),SemiBin_115_14,99.99,0.03,2917679
SR (megahit),SemiBin_115_24,91.08,0.16,3354786
SR (megahit),SemiBin_116_1,95.04,0.0,1532053
SR (megahit),SemiBin_116_2,96.44,0.06,3317401
SR (megahit),SemiBin_116_22,92.45,0.98,3334954
SR (megahit),SemiBin_116_4,82.47,0.02,2120840
SR (megahit),SemiBin_117_5,99.82,1.36,3175601
SR (megahit),SemiBin_118_6,99.94,0.13,2178857
SR (megahit),SemiBin_119_10,99.96,0.18,1635229
SR (megahit),SemiBin_119_12,100.0,0.51,2894887
SR (megahit),SemiBin_119_15,99.87,0.05,2403095
SR (megahit),SemiBin_119_3,100.0,0.74,1948459
SR (megahit),SemiBin_11_10,82.38,0.34,2029047
SR (megahit),SemiBin_11_14,81.2,4.07,2185594
SR (megahit),SemiBin_11_34,88.49,1.68,1983033
SR (megahit),SemiBin_120_13,89.88,0.79,2534716
SR (megahit),SemiBin_120_25,99.91,2.58,2701508
SR (megahit),SemiBin_121_13,94.44,1.43,2740485
SR (megahit),SemiBin_122_1,99.58,0.74,2361811
SR (megahit),SemiBin_122_13,99.98,0.58,2731237
SR (megahit),SemiBin_123_11,79.91,0.05,1648858
SR (megahit),SemiBin_123_13,97.94,0.91,3411979
SR (megahit),SemiBin_123_15,100.0,0.97,1907405
SR (megahit),SemiBin_124_13,100.0,0.04,1978855
SR (megahit),SemiBin_124_15,95.47,0.75,3059098
SR (megahit),SemiBin_124_20,79.35,2.07,2061994
SR (megahit),SemiBin_124_3,88.04,0.07,2690528
SR (megahit),SemiBin_124_6,96.52,0.88,2260914
SR (megahit),SemiBin_124_9,87.38,1.84,1816034
SR (megahit),SemiBin_125_10,100.0,0.79,2734064
SR (megahit),SemiBin_125_18,97.36,0.14,1932094
SR (megahit),SemiBin_125_21,99.8,1.36,2211513
SR (megahit),SemiBin_125_24,87.4,1.93,2234654
SR (megahit),SemiBin_127_3,80.87,2.77,1759567
SR (megahit),SemiBin_128_5,91.88,0.38,2329855
SR (megahit),SemiBin_128_7,99.95,0.42,4251462
SR (megahit),SemiBin_129_1,99.86,0.05,2555092
SR (megahit),SemiBin_129_18,86.23,3.8,2632336
SR (megahit),SemiBin_129_2,97.23,2.74,2176422
SR (megahit),SemiBin_129_20,99.92,0.27,2064522
SR (megahit),SemiBin_129_6,99.96,0.72,2783175
SR (megahit),SemiBin_130_12,99.02,0.79,1944676
SR (megahit),SemiBin_131_18,99.44,0.05,2555898
SR (megahit),SemiBin_131_22,98.06,1.47,3240642
SR (megahit),SemiBin_131_3,99.73,1.1,2520133
SR (megahit),SemiBin_131_4,99.33,0.18,3082497
SR (megahit),SemiBin_131_7,94.87,0.26,2462771
SR (megahit),SemiBin_132_10,92.76,1.35,3224487
SR (megahit),SemiBin_132_15,98.88,0.58,1920248
SR (megahit),SemiBin_132_19,96.5,0.05,2972097
SR (megahit),SemiBin_132_22,99.98,0.24,2875059
SR (megahit),SemiBin_132_3,99.91,0.51,3511797
SR (megahit),SemiBin_132_4,95.21,0.64,3846498
SR (megahit),SemiBin_132_6,88.67,0.16,2147674
SR (megahit),SemiBin_132_7,66.84,2.01,2047908
SR (megahit),SemiBin_132_8,86.14,0.03,2456366
SR (megahit),SemiBin_133_17,100.0,0.85,2025768
SR (megahit),SemiBin_133_8,73.94,0.51,2073420
SR (megahit),SemiBin_134_3,91.14,1.24,1898947
SR (megahit),SemiBin_134_5,90.32,0.04,1795450
SR (megahit),SemiBin_135_15,98.95,0.59,1717290
SR (megahit),SemiBin_135_6,97.9,0.21,4694746
SR (megahit),SemiBin_136_1,95.74,0.32,1480019
SR (megahit),SemiBin_137_2,99.97,0.27,2791332
SR (megahit),SemiBin_138,99.9,0.11,3215516
SR (megahit),SemiBin_139_17,96.39,2.0,1386223
SR (megahit),SemiBin_139_18,99.99,1.03,2226784
SR (megahit),SemiBin_139_5,98.85,2.38,2794626
SR (megahit),SemiBin_13_15,99.68,1.94,2493488
SR (megahit),SemiBin_13_19,84.99,4.64,2276455
SR (megahit),SemiBin_13_32,99.99,0.28,2725687
SR (megahit),SemiBin_140_11,97.77,1.49,3300221
SR (megahit),SemiBin_140_12,96.44,0.36,2364740
SR (megahit),SemiBin_141_14,97.7,0.4,2622684
SR (megahit),SemiBin_142_1,84.64,0.6,1133493
SR (megahit),SemiBin_142_21,96.6,4.32,2497144
SR (megahit),SemiBin_142_6,96.21,3.73,3638888
SR (megahit),SemiBin_143_2,84.11,0.05,2250391
SR (megahit),SemiBin_144_14,99.78,0.0,2320718
SR (megahit),SemiBin_144_8,99.99,0.29,1760436
SR (megahit),SemiBin_145_1,96.78,0.0,1948863
SR (megahit),SemiBin_145_12,95.97,1.87,2889407
SR (megahit),SemiBin_145_8,80.08,0.36,2680753
SR (megahit),SemiBin_146,80.39,0.9,2422328
SR (megahit),SemiBin_146_14,83.92,2.55,1727186
SR (megahit),SemiBin_146_4,96.73,0.67,4992747
SR (megahit),SemiBin_146_6,95.97,1.8,986909
SR (megahit),SemiBin_147_12,88.91,0.86,3432757
SR (megahit),SemiBin_147_3,93.23,0.0,1122350
SR (megahit),SemiBin_147_4,95.1,1.31,2792469
SR (megahit),SemiBin_147_6,99.65,0.0,2102351
SR (megahit),SemiBin_148_5,99.77,0.75,3031703
SR (megahit),SemiBin_149_1,97.95,0.0,1938307
SR (megahit),SemiBin_149_10,100.0,0.04,3117108
SR (megahit),SemiBin_149_18,99.88,0.1,3513894
SR (megahit),SemiBin_14_23,87.74,0.17,1668283
SR (megahit),SemiBin_14_28,75.39,2.48,1808628
SR (megahit),SemiBin_150_11,93.06,0.33,2252066
SR (megahit),SemiBin_150_4,88.61,0.92,1761377
SR (megahit),SemiBin_150_6,99.99,2.32,2430393
SR (megahit),SemiBin_150_8,99.96,0.73,2429637
SR (megahit),SemiBin_151_4,95.73,3.06,2355330
SR (megahit),SemiBin_151_5,100.0,0.53,2964969
SR (megahit),SemiBin_152_5,94.92,1.11,1971452
SR (megahit),SemiBin_153,97.33,0.02,2997683
SR (megahit),SemiBin_153_15,95.34,3.42,3650795
SR (megahit),SemiBin_153_16,92.05,1.76,2620388
SR (megahit),SemiBin_153_18,97.72,0.53,2137513
SR (megahit),SemiBin_153_3,92.31,0.04,2585966
SR (megahit),SemiBin_153_7,94.46,0.24,2579451
SR (megahit),SemiBin_154_15,96.32,0.06,2408329
SR (megahit),SemiBin_154_4,86.35,0.32,2653417
SR (megahit),SemiBin_154_6,85.24,1.07,2722519
SR (megahit),SemiBin_154_8,100.0,2.22,2307215
SR (megahit),SemiBin_155_1,82.6,1.13,2479025
SR (megahit),SemiBin_155_5,97.63,0.02,2431585
SR (megahit),SemiBin_155_9,100.0,0.04,2856441
SR (megahit),SemiBin_156_1,87.75,3.4,2631227
SR (megahit),SemiBin_157_10,89.15,0.74,1161172
SR (megahit),SemiBin_157_11,82.76,0.6,1948141
SR (megahit),SemiBin_157_13,96.75,3.45,1584531
SR (megahit),SemiBin_157_14,87.63,0.06,2621059
SR (megahit),SemiBin_157_3,98.18,0.11,2634477
SR (megahit),SemiBin_157_7,88.34,0.42,5149753
SR (megahit),SemiBin_158,100.0,1.1,2335929
SR (megahit),SemiBin_158_11,98.08,0.09,2071281
SR (megahit),SemiBin_158_13,94.04,5.17,2852468
SR (megahit),SemiBin_159_12,70.78,0.05,1083303
SR (megahit),SemiBin_159_2,99.44,3.47,2136911
SR (megahit),SemiBin_159_7,99.99,1.46,2464061
SR (megahit),SemiBin_160_4,96.69,2.75,2685300
SR (megahit),SemiBin_160_6,98.13,3.22,1733722
SR (megahit),SemiBin_161_1,97.9,1.46,2137203
SR (megahit),SemiBin_161_7,99.72,0.18,2429723
SR (megahit),SemiBin_161_8,91.09,1.02,1889120
SR (megahit),SemiBin_162_12,87.55,0.14,2745019
SR (megahit),SemiBin_162_5,99.89,0.68,1870138
SR (megahit),SemiBin_163_12,83.98,1.04,2668429
SR (megahit),SemiBin_163_15,94.17,0.38,1406981
SR (megahit),SemiBin_163_2,99.79,0.03,2776912
SR (megahit),SemiBin_163_3,99.94,1.08,1902251
SR (megahit),SemiBin_164_13,99.99,0.9,2152663
SR (megahit),SemiBin_164_15,89.71,3.97,1413880
SR (megahit),SemiBin_164_16,93.48,3.55,3622697
SR (megahit),SemiBin_164_3,97.84,0.3,1977277
SR (megahit),SemiBin_164_6,95.9,0.88,2994074
SR (megahit),SemiBin_165,98.0,0.02,2739081
SR (megahit),SemiBin_165_19,92.22,1.02,2866727
SR (megahit),SemiBin_165_4,100.0,8.64,5867544
SR (megahit),SemiBin_165_8,99.97,0.27,2708175
SR (megahit),SemiBin_166_1,92.36,0.88,3459351
SR (megahit),SemiBin_167,82.59,5.0,3197361
SR (megahit),SemiBin_167_15,98.78,2.32,1618155
SR (megahit),SemiBin_168_12,89.8,1.96,1824307
SR (megahit),SemiBin_168_13,99.79,0.24,2873489
SR (megahit),SemiBin_168_5,93.28,0.52,3014429
SR (megahit),SemiBin_169_7,99.29,0.28,2590543
SR (megahit),SemiBin_171_8,98.5,0.61,1945543
SR (megahit),SemiBin_173_3,99.92,0.55,3716957
SR (megahit),SemiBin_174_12,99.76,0.83,2361736
SR (megahit),SemiBin_174_3,99.88,1.18,1900717
SR (megahit),SemiBin_174_7,97.05,0.63,2865879
SR (megahit),SemiBin_175_3,72.04,1.26,2396911
SR (megahit),SemiBin_175_4,98.36,0.09,3286112
SR (megahit),SemiBin_175_7,99.62,2.72,3093780
SR (megahit),SemiBin_176_11,96.04,0.18,2312150
SR (megahit),SemiBin_176_2,99.34,0.22,2859451
SR (megahit),SemiBin_176_4,87.41,2.87,2361765
SR (megahit),SemiBin_176_5,85.87,1.54,1764481
SR (megahit),SemiBin_176_9,99.98,1.99,3350485
SR (megahit),SemiBin_177_11,95.63,0.31,2090710
SR (megahit),SemiBin_177_7,92.02,0.3,3598393
SR (megahit),SemiBin_178,92.98,0.42,2898603
SR (megahit),SemiBin_179_11,94.54,0.03,2058835
SR (megahit),SemiBin_17_4,97.65,0.38,2947938
SR (megahit),SemiBin_180_6,94.77,1.19,2705855
SR (megahit),SemiBin_181_15,94.74,0.0,2673925
SR (megahit),SemiBin_182_2,90.65,1.88,3355745
SR (megahit),SemiBin_182_7,95.81,0.1,2385842
SR (megahit),SemiBin_184_12,97.02,1.17,3104872
SR (megahit),SemiBin_184_7,99.99,1.95,1731459
SR (megahit),SemiBin_186_7,99.99,0.27,3160154
SR (megahit),SemiBin_186_9,93.04,0.38,2485348
SR (megahit),SemiBin_187_4,97.29,0.76,2033582
SR (megahit),SemiBin_188_10,96.15,1.19,1171018
SR (megahit),SemiBin_188_7,99.2,0.06,1857543
SR (megahit),SemiBin_189,97.55,0.24,3365598
SR (megahit),SemiBin_189_1,99.89,0.24,1750622
SR (megahit),SemiBin_189_10,90.91,1.49,1537262
SR (megahit),SemiBin_189_3,99.94,0.08,2461769
SR (megahit),SemiBin_189_8,98.72,0.46,3316834
SR (megahit),SemiBin_18_17,87.39,0.57,1871831
SR (megahit),SemiBin_18_28,71.59,1.48,2181715
SR (megahit),SemiBin_190,99.76,0.22,2276654
SR (megahit),SemiBin_191_2,84.59,0.69,2516919
SR (megahit),SemiBin_191_3,96.15,0.3,1550859
SR (megahit),SemiBin_191_4,99.86,0.32,1876360
SR (megahit),SemiBin_192_1,100.0,0.15,2718221
SR (megahit),SemiBin_192_5,96.02,0.25,1644464
SR (megahit),SemiBin_192_7,98.05,1.36,1930092
SR (megahit),SemiBin_193_7,94.93,0.61,6479324
SR (megahit),SemiBin_194_4,100.0,0.16,2119592
SR (megahit),SemiBin_195_5,98.23,0.18,4770296
SR (megahit),SemiBin_196_10,99.77,0.36,2985771
SR (megahit),SemiBin_196_11,93.82,6.97,1318570
SR (megahit),SemiBin_196_13,95.76,0.3,2713441
SR (megahit),SemiBin_196_3,92.68,1.17,2862270
SR (megahit),SemiBin_198_3,77.39,0.18,2216983
SR (megahit),SemiBin_198_4,99.91,0.02,2231082
SR (megahit),SemiBin_198_9,99.94,0.37,2067448
SR (megahit),SemiBin_199_7,86.3,3.53,2399607
SR (megahit),SemiBin_19_16,78.01,2.27,2164544
SR (megahit),SemiBin_19_22,88.15,4.56,1505046
SR (megahit),SemiBin_19_35,99.97,0.85,2226862
SR (megahit),SemiBin_19_5,91.74,2.6,2265182
SR (megahit),SemiBin_1_3,84.05,7.68,5079327
SR (megahit),SemiBin_20,81.58,6.94,3846002
SR (megahit),SemiBin_200_6,99.96,0.04,3177374
SR (megahit),SemiBin_201_5,91.0,4.93,2016794
SR (megahit),SemiBin_203_1,99.1,0.4,1894979
SR (megahit),SemiBin_204_1,77.96,2.92,1392174
SR (megahit),SemiBin_205_1,99.85,0.07,1701212
SR (megahit),SemiBin_206_1,93.93,1.21,3620037
SR (megahit),SemiBin_206_5,99.06,0.44,2768114
SR (megahit),SemiBin_207_9,96.69,1.67,2866429
SR (megahit),SemiBin_208_6,96.86,0.52,2542892
SR (megahit),SemiBin_208_8,91.91,0.79,1363228
SR (megahit),SemiBin_209_1,99.9,0.2,2667314
SR (megahit),SemiBin_209_4,99.93,0.08,1959747
SR (megahit),SemiBin_20_17,99.89,1.09,2390024
SR (megahit),SemiBin_20_30,99.11,0.12,2448177
SR (megahit),SemiBin_210,98.64,0.0,2570182
SR (megahit),SemiBin_210_5,97.94,0.04,2232419
SR (megahit),SemiBin_211_6,99.44,0.07,2138575
SR (megahit),SemiBin_212_4,98.88,0.53,1845939
SR (megahit),SemiBin_212_5,99.95,0.22,2374347
SR (megahit),SemiBin_213_1,100.0,0.41,3468507
SR (megahit),SemiBin_214_2,100.0,0.11,3063982
SR (megahit),SemiBin_214_6,96.57,0.01,2421630
SR (megahit),SemiBin_215_5,97.02,3.24,2022183
SR (megahit),SemiBin_216_2,95.6,0.33,1674581
SR (megahit),SemiBin_217_1,100.0,0.04,2203720
SR (megahit),SemiBin_217_2,95.77,1.44,2790480
SR (megahit),SemiBin_217_6,98.24,0.02,2708454
SR (megahit),SemiBin_219_3,85.39,0.06,1854229
SR (megahit),SemiBin_21_15,89.66,4.35,2530209
SR (megahit),SemiBin_21_17,85.29,1.17,1707788
SR (megahit),SemiBin_220_2,99.94,0.22,4171161
SR (megahit),SemiBin_222,94.04,3.64,2454337
SR (megahit),SemiBin_222_6,99.99,0.03,2278685
SR (megahit),SemiBin_223_1,98.62,0.02,2228243
SR (megahit),SemiBin_223_6,97.88,0.99,2395333
SR (megahit),SemiBin_224_7,99.91,0.16,4390920
SR (megahit),SemiBin_225_2,94.7,0.4,2371447
SR (megahit),SemiBin_225_6,86.49,0.67,1880971
SR (megahit),SemiBin_226_1,95.41,0.47,2307109
SR (megahit),SemiBin_228_1,99.79,0.3,1988163
SR (megahit),SemiBin_228_2,97.84,0.31,3211604
SR (megahit),SemiBin_22_40,81.71,5.06,3634783
SR (megahit),SemiBin_22_5,95.72,3.63,3024755
SR (megahit),SemiBin_230,98.75,0.0,3459779
SR (megahit),SemiBin_230_2,85.2,0.25,2409778
SR (megahit),SemiBin_231,91.3,2.73,1861571
SR (megahit),SemiBin_231_1,97.51,0.17,2187855
SR (megahit),SemiBin_232_5,100.0,1.86,1318212
SR (megahit),SemiBin_232_6,97.05,6.43,2811658
SR (megahit),SemiBin_233_1,96.51,2.34,2592334
SR (megahit),SemiBin_234_1,95.42,0.35,2161619
SR (megahit),SemiBin_234_2,99.96,0.47,2903853
SR (megahit),SemiBin_234_7,99.58,0.19,3907843
SR (megahit),SemiBin_236,99.88,0.03,3707355
SR (megahit),SemiBin_236_4,88.02,0.2,2953199
SR (megahit),SemiBin_236_5,98.37,1.11,2307092
SR (megahit),SemiBin_238_3,91.02,0.21,2326694
SR (megahit),SemiBin_239,66.29,0.17,2693322
SR (megahit),SemiBin_239_2,97.94,0.21,2196543
SR (megahit),SemiBin_23_38,99.78,6.88,3701998
SR (megahit),SemiBin_241_5,96.45,0.0,1539711
SR (megahit),SemiBin_242_4,83.54,0.13,2277291
SR (megahit),SemiBin_243,99.12,0.12,2282246
SR (megahit),SemiBin_244,99.87,0.0,1947770
SR (megahit),SemiBin_245_2,99.23,0.13,2057703
SR (megahit),SemiBin_246_1,99.99,0.0,2494356
SR (megahit),SemiBin_246_3,99.66,1.57,2490314
SR (megahit),SemiBin_247,91.45,1.0,1174102
SR (megahit),SemiBin_247_1,100.0,0.37,2189752
SR (megahit),SemiBin_248_2,84.89,0.23,2518668
SR (megahit),SemiBin_249_2,95.33,0.57,1367163
SR (megahit),SemiBin_24_11,69.86,0.51,1376215
SR (megahit),SemiBin_24_12,99.98,1.2,3101226
SR (megahit),SemiBin_24_37,95.98,3.88,5059350
SR (megahit),SemiBin_250_5,100.0,0.1,2023706
SR (megahit),SemiBin_252_1,75.15,0.14,1589005
SR (megahit),SemiBin_253_6,100.0,3.27,1695518
SR (megahit),SemiBin_254_2,94.63,1.99,2307043
SR (megahit),SemiBin_254_3,97.04,1.81,1304995
SR (megahit),SemiBin_256_2,93.79,1.55,1304760
SR (megahit),SemiBin_258,97.99,0.43,2153873
SR (megahit),SemiBin_25_13,98.99,0.7,2092571
SR (megahit),SemiBin_25_27,100.0,0.0,2654420
SR (megahit),SemiBin_25_29,89.96,0.71,2041461
SR (megahit),SemiBin_25_9,95.04,0.29,3689175
SR (megahit),SemiBin_265,99.44,2.73,3005483
SR (megahit),SemiBin_266_1,92.95,0.0,2514074
SR (megahit),SemiBin_267,98.57,0.22,2247071
SR (megahit),SemiBin_268_1,98.88,0.05,1956550
SR (megahit),SemiBin_26_10,90.46,0.97,2815544
SR (megahit),SemiBin_26_36,98.99,1.78,2727458
SR (megahit),SemiBin_26_41,88.23,0.8,2781883
SR (megahit),SemiBin_270_4,99.93,1.68,4490253
SR (megahit),SemiBin_270_5,99.76,0.09,1949412
SR (megahit),SemiBin_274_2,91.35,1.09,1179176
SR (megahit),SemiBin_274_4,98.58,0.31,2119116
SR (megahit),SemiBin_275_1,99.63,5.76,1472620
SR (megahit),SemiBin_276,81.07,1.8,2130217
SR (megahit),SemiBin_277_2,89.47,0.61,1968553
SR (megahit),SemiBin_278,93.83,5.31,1317082
SR (megahit),SemiBin_278_2,92.81,0.52,1170123
SR (megahit),SemiBin_278_3,93.83,1.7,2341583
SR (megahit),SemiBin_27_14,83.04,2.47,2240777
SR (megahit),SemiBin_27_18,94.25,2.97,2562683
SR (megahit),SemiBin_27_37,94.96,9.31,6534694
SR (megahit),SemiBin_280_3,100.0,0.01,2166866
SR (megahit),SemiBin_282_2,97.07,0.39,1448276
SR (megahit),SemiBin_284_3,94.61,3.46,3684072
SR (megahit),SemiBin_287,98.43,0.27,1872903
SR (megahit),SemiBin_289_1,94.63,2.04,3237745
SR (megahit),SemiBin_289_5,92.41,3.82,2776998
SR (megahit),SemiBin_28_11,93.1,0.55,2259323
SR (megahit),SemiBin_28_17,65.97,2.81,1585825
SR (megahit),SemiBin_28_19,99.5,0.22,2835241
SR (megahit),SemiBin_28_25,82.89,3.33,2391049
SR (megahit),SemiBin_295_1,90.41,0.46,2546434
SR (megahit),SemiBin_297,99.85,0.34,2052599
SR (megahit),SemiBin_298,99.99,2.44,2200272
SR (megahit),SemiBin_298_1,100.0,0.16,1951096
SR (megahit),SemiBin_29_34,69.46,0.17,1027481
SR (megahit),SemiBin_29_35,80.13,3.23,2716325
SR (megahit),SemiBin_29_8,99.74,2.15,3350201
SR (megahit),SemiBin_301,100.0,0.54,2221816
SR (megahit),SemiBin_301_3,96.41,0.04,1522893
SR (megahit),SemiBin_302,91.77,0.18,1888580
SR (megahit),SemiBin_302_1,84.24,0.08,3052532
SR (megahit),SemiBin_302_2,99.02,3.9,1649232
SR (megahit),SemiBin_302_5,99.9,1.25,2467587
SR (megahit),SemiBin_304_1,92.75,0.24,3129436
SR (megahit),SemiBin_304_2,87.46,0.4,1271829
SR (megahit),SemiBin_304_3,98.56,0.14,2196085
SR (megahit),SemiBin_308_2,94.74,0.92,1849921
SR (megahit),SemiBin_30_13,89.56,2.53,2735481
SR (megahit),SemiBin_30_14,93.72,0.33,2228647
SR (megahit),SemiBin_30_2,98.67,0.14,2797477
SR (megahit),SemiBin_30_23,99.84,0.6,2864895
SR (megahit),SemiBin_30_31,95.07,1.98,4244112
SR (megahit),SemiBin_30_34,79.69,5.2,2099172
SR (megahit),SemiBin_30_9,99.44,1.4,2556590
SR (megahit),SemiBin_310_5,99.92,1.27,2573850
SR (megahit),SemiBin_312_1,95.66,0.0,1491840
SR (megahit),SemiBin_313,96.63,0.13,1265305
SR (megahit),SemiBin_315,98.7,0.16,1435073
SR (megahit),SemiBin_319_1,98.72,0.0,1741596
SR (megahit),SemiBin_31_17,69.98,6.29,2666741
SR (megahit),SemiBin_31_19,86.08,1.15,2128166
SR (megahit),SemiBin_31_22,97.34,1.07,5619242
SR (megahit),SemiBin_31_33,80.62,0.06,1858602
SR (megahit),SemiBin_31_34,96.25,0.18,1225277
SR (megahit),SemiBin_31_37,98.89,0.68,2903485
SR (megahit),SemiBin_31_4,98.2,0.0,2920137
SR (megahit),SemiBin_31_7,92.54,3.32,3581027
SR (megahit),SemiBin_329_1,93.37,0.0,1077745
SR (megahit),SemiBin_32_18,87.83,3.06,2588828
SR (megahit),SemiBin_32_2,100.0,0.37,1841196
SR (megahit),SemiBin_32_30,100.0,0.15,1958599
SR (megahit),SemiBin_32_31,86.0,1.62,2203610
SR (megahit),SemiBin_335_1,93.69,1.78,1057613
SR (megahit),SemiBin_337_1,85.9,0.28,1750904
SR (megahit),SemiBin_337_2,88.0,1.42,2006209
SR (megahit),SemiBin_33_24,88.65,3.17,2586775
SR (megahit),SemiBin_342_1,100.0,5.62,1543649
SR (megahit),SemiBin_344,97.81,0.24,1776442
SR (megahit),SemiBin_345,87.47,4.57,1423247
SR (megahit),SemiBin_34_15,82.7,4.23,1924608
SR (megahit),SemiBin_34_31,84.95,0.17,1853034
SR (megahit),SemiBin_350,99.34,0.88,2057159
SR (megahit),SemiBin_354,100.0,2.95,1803512
SR (megahit),SemiBin_354_1,100.0,0.22,2700655
SR (megahit),SemiBin_358_1,96.42,6.18,4121219
SR (megahit),SemiBin_35_23,83.73,2.62,2010063
SR (megahit),SemiBin_35_3,96.33,0.0,2890990
SR (megahit),SemiBin_35_34,79.9,2.56,2861708
SR (megahit),SemiBin_35_36,96.12,0.04,2149019
SR (megahit),SemiBin_35_38,99.99,5.38,3689752
SR (megahit),SemiBin_365,100.0,0.44,2135829
SR (megahit),SemiBin_366,96.16,2.0,2028193
SR (megahit),SemiBin_367,94.86,0.18,1796633
SR (megahit),SemiBin_369_1,99.91,0.25,1757795
SR (megahit),SemiBin_36_1,99.96,0.64,2624893
SR (megahit),SemiBin_36_12,73.79,4.21,2718685
SR (megahit),SemiBin_36_22,66.28,2.02,2077829
SR (megahit),SemiBin_36_25,94.2,0.39,3633956
SR (megahit),SemiBin_36_27,93.24,0.43,5605185
SR (megahit),SemiBin_36_35,99.89,0.21,2457678
SR (megahit),SemiBin_36_7,98.99,1.09,2727993
SR (megahit),SemiBin_372,94.12,0.14,2176888
SR (megahit),SemiBin_374,100.0,0.63,1312570
SR (megahit),SemiBin_377_1,97.06,0.4,2221292
SR (megahit),SemiBin_37_10,99.42,0.11,3073493
SR (megahit),SemiBin_37_26,95.97,2.39,2387116
SR (megahit),SemiBin_37_34,83.79,7.58,2134594
SR (megahit),SemiBin_381,99.95,0.58,1202733
SR (megahit),SemiBin_381_2,99.88,0.1,2188800
SR (megahit),SemiBin_381_3,86.62,0.09,1859347
SR (megahit),SemiBin_385,96.29,0.09,1954381
SR (megahit),SemiBin_386,99.01,0.0,3004714
SR (megahit),SemiBin_38_17,91.78,4.75,2240253
SR (megahit),SemiBin_38_21,95.68,2.27,3294783
SR (megahit),SemiBin_38_35,96.08,1.08,3103203
SR (megahit),SemiBin_390_1,100.0,0.52,1756225
SR (megahit),SemiBin_39_15,99.33,2.88,5489702
SR (megahit),SemiBin_39_17,99.86,0.03,2536044
SR (megahit),SemiBin_39_26,97.3,1.8,1994069
SR (megahit),SemiBin_39_3,98.85,1.04,3008309
SR (megahit),SemiBin_39_4,100.0,1.48,2627177
SR (megahit),SemiBin_3_18,81.72,9.37,2406392
SR (megahit),SemiBin_3_28,87.0,4.38,5608551
SR (megahit),SemiBin_3_29,84.54,0.72,2901771
SR (megahit),SemiBin_40,99.38,4.11,2033246
SR (megahit),SemiBin_402,95.23,0.47,1122561
SR (megahit),SemiBin_403_1,92.19,0.36,1268946
SR (megahit),SemiBin_404_1,98.88,0.95,2072614
SR (megahit),SemiBin_40_29,92.75,0.86,1223708
SR (megahit),SemiBin_40_6,95.99,0.32,3360364
SR (megahit),SemiBin_41,90.29,1.09,1774818
SR (megahit),SemiBin_41_24,95.49,0.24,5244660
SR (megahit),SemiBin_41_35,84.34,2.16,1755811
SR (megahit),SemiBin_41_38,86.07,0.85,2177400
SR (megahit),SemiBin_41_8,93.62,0.03,1192776
SR (megahit),SemiBin_423,99.21,0.1,2545028
SR (megahit),SemiBin_429,83.37,0.31,1187523
SR (megahit),SemiBin_42_1,97.79,2.75,3112492
SR (megahit),SemiBin_42_11,99.67,0.02,3347611
SR (megahit),SemiBin_42_15,92.76,2.51,3325556
SR (megahit),SemiBin_42_25,99.01,1.87,3451261
SR (megahit),SemiBin_42_36,91.23,0.98,1305679
SR (megahit),SemiBin_42_4,75.93,0.59,2136185
SR (megahit),SemiBin_436,99.9,0.08,2419044
SR (megahit),SemiBin_43_19,95.48,1.79,2188616
SR (megahit),SemiBin_43_20,99.83,0.01,2387832
SR (megahit),SemiBin_43_22,85.93,1.76,2437529
SR (megahit),SemiBin_43_4,99.99,0.11,5259496
SR (megahit),SemiBin_447_1,99.31,1.41,1997237
SR (megahit),SemiBin_44_12,98.3,0.21,2031074
SR (megahit),SemiBin_44_2,89.37,0.87,3002541
SR (megahit),SemiBin_44_24,69.2,2.48,1697823
SR (megahit),SemiBin_44_30,76.86,0.64,1575459
SR (megahit),SemiBin_456,100.0,0.58,1601818
SR (megahit),SemiBin_45_15,98.48,0.23,2548512
SR (megahit),SemiBin_45_24,98.45,0.38,2577875
SR (megahit),SemiBin_45_26,89.75,7.22,1356455
SR (megahit),SemiBin_45_6,98.72,0.35,2737025
SR (megahit),SemiBin_45_7,82.8,0.39,2132185
SR (megahit),SemiBin_467,94.36,0.6,1952299
SR (megahit),SemiBin_46_22,89.47,0.41,3383552
SR (megahit),SemiBin_473_1,99.99,0.07,2888863
SR (megahit),SemiBin_47_13,97.61,0.24,2378510
SR (megahit),SemiBin_47_17,97.28,1.09,1905646
SR (megahit),SemiBin_47_24,82.41,1.77,2447052
SR (megahit),SemiBin_47_30,86.72,0.57,2327232
SR (megahit),SemiBin_47_5,99.84,1.98,4117974
SR (megahit),SemiBin_47_8,80.94,0.96,1946968
SR (megahit),SemiBin_48,96.0,0.94,3711865
SR (megahit),SemiBin_48_10,93.46,1.48,2612589
SR (megahit),SemiBin_48_20,99.98,0.33,3029918
SR (megahit),SemiBin_495,96.58,1.01,2058952
SR (megahit),SemiBin_49_10,84.33,0.24,2116165
SR (megahit),SemiBin_49_12,98.28,0.11,2700790
SR (megahit),SemiBin_49_33,100.0,0.1,2650652
SR (megahit),SemiBin_4_1,76.1,2.79,1841666
SR (megahit),SemiBin_4_13,93.03,1.27,2004668
SR (megahit),SemiBin_4_31,93.59,0.32,1703439
SR (megahit),SemiBin_4_9,72.39,1.73,2563102
SR (megahit),SemiBin_508,97.95,0.29,1626009
SR (megahit),SemiBin_50_17,100.0,0.16,2912942
SR (megahit),SemiBin_50_33,91.54,0.08,2345923
SR (megahit),SemiBin_51_11,93.52,2.0,3799637
SR (megahit),SemiBin_51_18,92.75,2.34,3418998
SR (megahit),SemiBin_51_27,90.73,0.38,1561609
SR (megahit),SemiBin_51_32,99.39,0.2,2108571
SR (megahit),SemiBin_520,92.66,1.82,1223145
SR (megahit),SemiBin_521,98.36,0.0,2497801
SR (megahit),SemiBin_528,98.16,0.05,2294452
SR (megahit),SemiBin_52_11,99.97,0.3,2969716
SR (megahit),SemiBin_52_14,95.79,0.09,2758203
SR (megahit),SemiBin_52_16,98.52,0.57,2863139
SR (megahit),SemiBin_52_19,92.83,4.65,3284348
SR (megahit),SemiBin_52_30,99.85,0.19,2196514
SR (megahit),SemiBin_52_4,93.96,0.07,1930899
SR (megahit),SemiBin_52_5,88.42,2.57,2944168
SR (megahit),SemiBin_52_9,77.31,0.06,1875941
SR (megahit),SemiBin_533,98.4,3.05,1375475
SR (megahit),SemiBin_53_14,98.74,0.17,2621545
SR (megahit),SemiBin_53_26,88.42,0.96,2532510
SR (megahit),SemiBin_541,93.94,0.42,2308753
SR (megahit),SemiBin_542,94.06,2.15,1263535
SR (megahit),SemiBin_54_21,94.44,0.51,3823440
SR (megahit),SemiBin_54_28,99.99,0.07,2507735
SR (megahit),SemiBin_54_31,79.54,5.54,2649438
SR (megahit),SemiBin_559,96.24,5.58,1362684
SR (megahit),SemiBin_55_15,85.69,2.26,2671287
SR (megahit),SemiBin_55_30,78.86,4.85,1248982
SR (megahit),SemiBin_56_2,93.31,3.21,2796397
SR (megahit),SemiBin_57,100.0,1.0,2414521
SR (megahit),SemiBin_57_19,96.35,0.2,2146152
SR (megahit),SemiBin_57_22,97.92,1.19,2282311
SR (megahit),SemiBin_57_28,99.77,0.6,2593249
SR (megahit),SemiBin_58_17,91.65,1.75,2476612
SR (megahit),SemiBin_58_26,95.99,0.44,2992538
SR (megahit),SemiBin_59_13,99.98,1.55,2563679
SR (megahit),SemiBin_5_26,76.97,0.55,1967720
SR (megahit),SemiBin_5_29,99.94,0.99,3053384
SR (megahit),SemiBin_5_40,99.99,0.54,4201511
SR (megahit),SemiBin_60_1,99.86,0.73,2039131
SR (megahit),SemiBin_60_9,91.19,0.35,1081228
SR (megahit),SemiBin_61_14,98.21,0.77,3379797
SR (megahit),SemiBin_61_17,96.11,0.17,1809811
SR (megahit),SemiBin_61_21,89.13,0.93,2315686
SR (megahit),SemiBin_61_27,86.41,0.97,1773498
SR (megahit),SemiBin_61_28,93.01,0.78,1650440
SR (megahit),SemiBin_61_31,100.0,0.45,4018748
SR (megahit),SemiBin_61_4,92.2,1.74,2840688
SR (megahit),SemiBin_61_5,99.14,2.09,2333055
SR (megahit),SemiBin_61_8,89.68,0.51,1623347
SR (megahit),SemiBin_62_10,95.03,0.29,2874662
SR (megahit),SemiBin_62_3,99.3,0.17,5693965
SR (megahit),SemiBin_62_31,73.79,1.21,1502021
SR (megahit),SemiBin_62_6,95.11,2.87,1261351
SR (megahit),SemiBin_63,96.31,0.87,2376783
SR (megahit),SemiBin_633,99.88,0.1,1875594
SR (megahit),SemiBin_63_1,96.99,0.32,1884447
SR (megahit),SemiBin_63_10,97.32,0.24,2023270
SR (megahit),SemiBin_643,99.19,0.36,1865823
SR (megahit),SemiBin_64_12,96.6,0.03,2207938
SR (megahit),SemiBin_64_33,90.71,0.87,2462848
SR (megahit),SemiBin_64_38,99.2,1.73,3716632
SR (megahit),SemiBin_64_9,86.71,2.58,1754262
SR (megahit),SemiBin_65_2,98.86,2.35,2378440
SR (megahit),SemiBin_65_25,99.95,0.15,1703627
SR (megahit),SemiBin_65_27,84.66,0.9,1991279
SR (megahit),SemiBin_65_29,99.65,2.19,2998357
SR (megahit),SemiBin_65_31,99.99,2.03,2942767
SR (megahit),SemiBin_65_8,98.47,0.05,1968491
SR (megahit),SemiBin_66_12,84.37,0.96,2084828
SR (megahit),SemiBin_66_16,99.11,2.74,5610016
SR (megahit),SemiBin_66_17,82.36,0.62,2581404
SR (megahit),SemiBin_66_25,81.96,2.2,2194059
SR (megahit),SemiBin_66_29,90.35,2.76,2744606
SR (megahit),SemiBin_66_31,99.73,1.27,1952906
SR (megahit),SemiBin_66_6,89.82,1.58,2865527
SR (megahit),SemiBin_67_1,95.07,3.77,3802985
SR (megahit),SemiBin_67_20,99.96,1.04,2666964
SR (megahit),SemiBin_67_34,83.82,0.68,2239014
SR (megahit),SemiBin_67_8,97.33,0.83,2822261
SR (megahit),SemiBin_680,94.99,0.34,1870330
SR (megahit),SemiBin_68_24,96.43,0.86,2660309
SR (megahit),SemiBin_68_6,98.31,0.07,3025357
SR (megahit),SemiBin_69_2,84.04,0.54,2633795
SR (megahit),SemiBin_69_25,99.96,0.15,1783355
SR (megahit),SemiBin_69_28,86.58,2.52,2438318
SR (megahit),SemiBin_69_31,83.32,2.11,1892641
SR (megahit),SemiBin_69_8,99.91,0.2,2750219
SR (megahit),SemiBin_6_30,91.78,1.02,2471277
SR (megahit),SemiBin_6_42,94.69,0.46,2007544
SR (megahit),SemiBin_70_2,94.49,0.49,2972400
SR (megahit),SemiBin_70_21,82.38,7.0,2290624
SR (megahit),SemiBin_70_30,99.95,0.66,4601340
SR (megahit),SemiBin_70_4,96.99,0.02,2668236
SR (megahit),SemiBin_70_9,86.89,2.92,2473404
SR (megahit),SemiBin_71_19,100.0,1.27,2973602
SR (megahit),SemiBin_71_31,95.74,0.35,2538047
SR (megahit),SemiBin_72_27,98.37,8.85,2613730
SR (megahit),SemiBin_72_3,93.38,3.41,3059706
SR (megahit),SemiBin_72_30,100.0,0.15,3604907
SR (megahit),SemiBin_739_1,96.75,1.76,2504308
SR (megahit),SemiBin_73_11,74.33,0.23,1503408
SR (megahit),SemiBin_73_17,95.42,6.47,4315048
SR (megahit),SemiBin_73_5,100.0,2.94,3587457
SR (megahit),SemiBin_73_9,94.0,1.19,2849450
SR (megahit),SemiBin_74_15,96.77,0.79,2515240
SR (megahit),SemiBin_74_27,89.53,0.52,2101276
SR (megahit),SemiBin_75_12,100.0,1.89,2737940
SR (megahit),SemiBin_75_2,85.13,4.13,2267929
SR (megahit),SemiBin_75_30,98.52,1.67,2340313
SR (megahit),SemiBin_75_6,92.84,0.86,1079127
SR (megahit),SemiBin_75_9,94.15,2.3,3954677
SR (megahit),SemiBin_76_25,83.31,0.96,1928738
SR (megahit),SemiBin_76_5,92.77,0.65,2782783
SR (megahit),SemiBin_77_1,90.81,1.0,2567533
SR (megahit),SemiBin_77_19,96.36,0.72,2832688
SR (megahit),SemiBin_77_27,100.0,0.61,3730716
SR (megahit),SemiBin_77_35,94.91,0.06,2163428
SR (megahit),SemiBin_78_19,95.83,3.82,2923538
SR (megahit),SemiBin_78_20,99.98,0.02,2371176
SR (megahit),SemiBin_78_9,97.83,0.17,2453580
SR (megahit),SemiBin_79_10,90.44,2.67,2388472
SR (megahit),SemiBin_79_23,81.73,5.0,2608292
SR (megahit),SemiBin_79_3,99.35,0.48,2441604
SR (megahit),SemiBin_80_1,98.89,1.58,3355497
SR (megahit),SemiBin_80_11,98.44,0.99,2024920
SR (megahit),SemiBin_80_7,99.96,2.93,2956063
SR (megahit),SemiBin_81_11,97.84,0.09,3064079
SR (megahit),SemiBin_81_13,99.91,0.37,2998489
SR (megahit),SemiBin_81_24,94.71,2.44,1313900
SR (megahit),SemiBin_81_28,99.94,0.63,2502701
SR (megahit),SemiBin_82,99.9,0.17,2210636
SR (megahit),SemiBin_82_20,100.0,0.01,4820279
SR (megahit),SemiBin_82_26,99.97,2.04,2940936
SR (megahit),SemiBin_83_13,85.99,0.21,2180740
SR (megahit),SemiBin_83_25,99.99,0.44,2102309
SR (megahit),SemiBin_83_27,89.71,0.29,2038816
SR (megahit),SemiBin_84_2,86.49,7.73,2236834
SR (megahit),SemiBin_84_3,93.8,0.4,3195963
SR (megahit),SemiBin_84_5,97.37,0.05,2253633
SR (megahit),SemiBin_84_6,96.77,0.39,3056091
SR (megahit),SemiBin_84_9,78.61,0.94,1745061
SR (megahit),SemiBin_85_15,99.93,0.35,2892569
SR (megahit),SemiBin_85_19,69.0,2.95,2131967
SR (megahit),SemiBin_85_24,97.17,4.93,2609756
SR (megahit),SemiBin_85_3,98.38,0.06,2172755
SR (megahit),SemiBin_85_5,96.7,1.62,2890729
SR (megahit),SemiBin_86_1,90.56,0.22,1112612
SR (megahit),SemiBin_86_10,93.96,0.1,2575215
SR (megahit),SemiBin_86_22,96.95,5.8,2488622
SR (megahit),SemiBin_86_23,93.71,2.28,2256787
SR (megahit),SemiBin_86_9,90.82,1.96,1222258
SR (megahit),SemiBin_87_14,99.3,0.01,2501696
SR (megahit),SemiBin_87_21,94.96,3.65,2071560
SR (megahit),SemiBin_87_5,98.79,0.91,2638883
SR (megahit),SemiBin_88_3,94.44,0.14,2411185
SR (megahit),SemiBin_88_30,97.46,0.9,2269223
SR (megahit),SemiBin_89_15,89.7,0.47,2697091
SR (megahit),SemiBin_8_26,90.61,1.83,2249967
SR (megahit),SemiBin_8_31,81.86,0.45,2531988
SR (megahit),SemiBin_8_9,94.91,0.78,2805476
SR (megahit),SemiBin_90_18,89.32,1.13,2596781
SR (megahit),SemiBin_90_31,67.28,0.59,1477905
SR (megahit),SemiBin_90_4,84.35,0.36,2195794
SR (megahit),SemiBin_90_9,98.74,0.31,1320147
SR (megahit),SemiBin_91,89.66,0.77,2174742
SR (megahit),SemiBin_91_30,79.6,0.3,1865876
SR (megahit),SemiBin_91_8,99.84,0.31,2265855
SR (megahit),SemiBin_92_10,99.99,0.69,2729086
SR (megahit),SemiBin_92_16,83.48,1.49,1960507
SR (megahit),SemiBin_92_22,80.87,1.81,1383804
SR (megahit),SemiBin_92_29,99.53,2.56,2252340
SR (megahit),SemiBin_93_16,99.2,0.35,1964656
SR (megahit),SemiBin_93_2,84.75,0.39,2555981
SR (megahit),SemiBin_93_20,92.5,4.76,2658054
SR (megahit),SemiBin_93_7,99.98,1.98,2851484
SR (megahit),SemiBin_94_10,99.93,0.22,2048321
SR (megahit),SemiBin_94_13,95.55,0.04,2708337
SR (megahit),SemiBin_95_22,92.93,1.21,2658149
SR (megahit),SemiBin_95_23,92.57,1.11,2948197
SR (megahit),SemiBin_95_4,94.07,0.38,6026200
SR (megahit),SemiBin_96,97.04,2.37,5861763
SR (megahit),SemiBin_96_21,99.97,1.65,2257427
SR (megahit),SemiBin_97_13,81.89,0.02,2519490
SR (megahit),SemiBin_97_5,88.65,1.98,2474204
SR (megahit),SemiBin_98_19,100.0,0.37,1891197
SR (megahit),SemiBin_98_2,99.97,0.06,2110400
SR (megahit),SemiBin_98_22,99.98,0.07,2673449
SR (megahit),SemiBin_99_19,98.09,0.18,2078181
SR (megahit),SemiBin_9_15,88.5,1.66,3698634
SR (megahit),SemiBin_9_25,75.13,3.23,2069927
